x,y,z,px,py,pz,phi,theta,charge
0.096023,-0.241772,20.000000,-0.008176,-0.069818,-0.355308,4.595822,2.946271,-1.000000
0.855256,1.758607,20.000000,-0.686422,-0.305314,-3.634055,3.560107,2.937737,-1.000000
-4.194154,-2.967966,20.000000,-4.002390,-0.402864,-2.291734,3.241911,2.088648,1.000000
4.951362,4.789477,20.000000,0.595791,-0.681239,-1.161577,5.430975,2.479710,1.000000
0.426742,1.532922,20.000000,0.869831,-8.207849,-12.181599,4.817970,2.546084,1.000000
-2.847783,2.082744,20.000000,-0.651008,-0.131221,-2.029298,3.340493,2.825321,1.000000
-3.054398,0.548944,20.000000,-0.729801,0.379892,-0.430809,2.661647,2.053158,1.000000
-1.972095,-4.892222,20.000000,-4.755463,-5.260634,-12.283528,3.977384,2.618021,1.000000
0.899791,-1.720842,20.000000,0.022410,0.018777,-0.076305,0.697430,2.775688,1.000000
2.002240,0.188763,20.000000,-0.020729,-0.047535,-0.215222,4.301178,2.905149,1.000000
0.767356,-4.026252,20.000000,5.503978,1.656745,-14.316543,0.292382,2.759804,1.000000
-2.402474,0.864171,20.000000,2.133150,-1.471282,-2.861037,5.679390,2.405620,1.000000
1.758647,2.482463,20.000000,-0.509000,0.305147,-2.156965,2.601539,2.873099,1.000000
-0.698382,3.228810,20.000000,-0.301766,-0.687435,-0.980007,4.298741,2.487887,1.000000
1.414920,-2.633328,20.000000,-0.017386,-0.220129,-0.532928,4.633571,2.748783,-1.000000
1.452870,0.370918,20.000000,1.049373,-0.377555,-1.679912,5.937815,2.555535,-1.000000
-1.840618,1.561593,20.000000,0.016039,1.406345,-1.044602,1.559392,2.209628,-1.000000
-1.688189,3.108099,20.000000,-25.461570,-16.341951,-47.213698,3.712202,2.571709,-1.000000
1.749632,0.371892,20.000000,-0.264809,0.257598,-0.610710,2.369997,2.597561,-1.000000
-4.161753,-0.593497,20.000000,1.642058,-0.104886,-1.713838,6.219397,2.376563,1.000000
4.354290,-3.937282,20.000000,0.101611,-0.530944,-0.382914,4.901480,2.187097,-1.000000
2.117245,1.179663,20.000000,1.239637,-3.467689,-1.474247,5.055714,1.951585,1.000000
0.445957,2.599879,20.000000,1.030079,-1.781083,-4.411024,5.236733,2.705147,-1.000000
1.971507,-2.196834,20.000000,0.296253,0.318558,-1.439639,0.821662,2.848141,1.000000
2.947376,0.635470,20.000000,0.718279,0.491877,-3.531962,0.600451,2.899930,1.000000
-4.086572,3.059760,20.000000,-0.531306,0.426235,-0.288661,2.465487,1.971639,-1.000000
-4.003480,-2.916795,20.000000,-0.158102,0.091662,-0.139537,2.616186,2.222903,-1.000000
-4.426707,-0.420701,20.000000,-0.273438,0.091982,-0.602077,2.817093,2.694752,-1.000000
2.672895,4.603020,20.000000,-0.914302,0.168956,-0.902487,2.958861,2.341299,1.000000
-3.339383,-1.387279,20.000000,-0.031358,-0.125117,-0.222783,4.466815,2.616773,1.000000
-0.405249,3.372235,20.000000,0.085104,-0.163214,-0.469756,5.193032,2.768140,-1.000000
1.518917,2.451635,20.000000,-1.063065,0.197367,-2.466400,2.958024,2.728440,1.000000
-4.944196,-3.556277,20.000000,-1.166312,2.202511,-6.028671,2.057794,2.749588,-1.000000
-1.594542,4.372909,20.000000,-0.208623,-0.294149,-0.964048,4.095486,2.783638,-1.000000
-0.479885,-1.072028,20.000000,-0.219129,0.110060,-0.686062,2.676139,2.798319,-1.000000
-2.488108,-3.566544,20.000000,-4.333016,-0.049146,-2.189057,3.152934,2.038573,-1.000000
0.371088,4.500187,20.000000,1.680499,-0.363681,-0.458895,6.070059,1.831610,1.000000
-3.028778,3.354856,20.000000,-0.857798,-0.430406,-1.988901,3.606644,2.692011,1.000000
4.614215,-0.945672,20.000000,-0.804358,0.448781,-0.752559,2.632676,2.255839,-1.000000
-2.217963,-4.111601,20.000000,0.716550,-1.425742,-1.648752,5.178099,2.372552,1.000000
-4.191670,-2.112222,20.000000,0.154411,-0.217621,-0.648159,5.329490,2.751055,-1.000000
4.045289,2.505339,20.000000,-3.202776,-0.117053,-4.069604,3.178124,2.474505,1.000000
2.355941,-3.510983,20.000000,6.885349,1.677314,-19.474085,0.238952,2.792585,1.000000
4.221422,3.462123,20.000000,-0.770202,-0.037252,-1.704515,3.189922,2.716754,-1.000000
0.284830,4.602011,20.000000,-0.099678,-1.413580,-1.779462,4.641991,2.469076,-1.000000
-3.256331,-2.430193,20.000000,5.145256,-2.285173,-10.876754,5.865222,2.663958,1.000000
-1.824317,4.304546,20.000000,0.224929,-0.711986,-1.242373,5.018384,2.600436,-1.000000
2.888289,-1.815450,20.000000,-0.262488,0.764261,-1.871462,1.901627,2.733984,1.000000
-1.104156,1.507568,20.000000,-0.964430,0.748380,-2.848478,2.481670,2.736713,1.000000
-3.181480,2.363565,20.000000,-50.144593,-61.767965,-59.981053,4.030481,2.216796,1.000000
4.559975,2.441814,20.000000,1.633840,-2.639181,-2.522215,5.266713,2.253157,-1.000000
2.597477,-3.899241,20.000000,-0.128820,0.139228,-0.287405,2.317387,2.558235,-1.000000
-2.652984,0.011790,20.000000,0.475122,-0.056998,-1.066558,6.163790,2.719849,-1.000000
-4.987539,1.792360,20.000000,2.019822,-1.137355,-1.392305,5.770343,2.111688,-1.000000
-3.690648,-1.078799,20.000000,0.172384,0.042339,-0.355458,0.240843,2.678444,-1.000000
-3.751671,2.659218,20.000000,1.669141,1.880405,-3.767217,0.844847,2.553063,1.000000
-1.327425,2.545075,20.000000,-3.307167,-2.141053,-9.693343,3.716136,2.755550,-1.000000
2.093241,-0.009763,20.000000,2.925487,-5.313005,-10.592726,5.215714,2.621579,1.000000
-3.768574,-0.806027,20.000000,2.256026,0.280471,-8.024973,0.123686,2.865536,-1.000000
2.768273,-3.490131,20.000000,-0.279164,6.236124,-15.796847,1.615532,2.765261,-1.000000
-4.653666,-1.335413,20.000000,0.617396,-0.359650,-0.866433,5.755712,2.451996,-1.000000
-4.131357,0.405605,20.000000,-1.758977,-0.813874,-1.355862,3.574955,2.181232,1.000000
-0.673600,0.625474,20.000000,-0.107895,0.180817,-0.619036,2.108793,2.813725,1.000000
2.610820,2.881020,20.000000,-0.247130,-0.546025,-4.192866,4.287376,2.999610,-1.000000
2.106300,-0.852155,20.000000,0.419053,-0.893473,-4.523827,5.150944,2.926810,1.000000
-4.422599,-4.143485,20.000000,0.260700,0.331614,-0.751263,0.904554,2.629977,1.000000
-4.715700,4.550395,20.000000,-0.013962,0.213363,-0.452951,1.636143,2.700547,1.000000
4.351528,-4.483539,20.000000,0.218730,0.154953,-1.664830,0.616357,2.981953,1.000000
-3.278735,-4.246726,20.000000,0.664870,-1.347080,-2.289285,5.170874,2.560873,1.000000
-0.207028,-2.164647,20.000000,-0.076421,0.476027,-0.532131,1.729977,2.405461,1.000000
-4.150531,-2.064884,20.000000,0.176540,2.501851,-2.376570,1.500349,2.329280,1.000000
3.803624,-0.574773,20.000000,0.041052,-0.276260,-0.906559,4.859910,2.842738,-1.000000
2.601799,2.148331,20.000000,-0.457394,-0.133114,-0.602188,3.424797,2.472323,1.000000
-2.039677,-1.251485,20.000000,0.033017,0.323835,-1.365129,1.469190,2.907514,-1.000000
-3.899288,4.634289,20.000000,1.928064,-0.382454,-7.875849,6.087366,2.897012,1.000000
3.782574,-3.207733,20.000000,0.095040,-0.056973,-0.075696,5.743162,2.170108,1.000000
-3.388154,-4.825068,20.000000,0.319439,0.017885,-0.445615,0.055929,2.518905,1.000000
-0.311772,-1.191113,20.000000,-0.267990,0.140986,-1.297262,2.657292,2.912274,1.000000
-0.396569,-3.500519,20.000000,-0.016943,-0.044814,-0.295390,4.350930,2.980802,1.000000
3.573198,-4.284619,20.000000,-0.906151,1.204423,-2.875826,2.215802,2.658849,1.000000
-1.621397,1.514496,20.000000,3.554050,-0.690451,-4.281651,6.091304,2.439668,-1.000000
3.696003,1.181811,20.000000,0.918479,-0.740467,-0.654532,5.604683,2.077308,1.000000
3.180464,3.091249,20.000000,0.094843,0.808961,-0.861167,1.454089,2.384036,1.000000
2.995458,4.660137,20.000000,0.287435,-0.510671,-1.812041,5.225050,2.828813,1.000000
-2.747022,-3.401618,20.000000,0.217816,-0.018272,-0.422531,6.199494,2.664190,-1.000000
-0.982276,-4.625708,20.000000,-0.176948,-2.769557,-4.454497,4.648585,2.584424,-1.000000
0.497189,-2.589155,20.000000,-0.119323,0.176592,-1.127169,2.165024,2.954718,-1.000000
-1.069563,3.257138,20.000000,1.446769,-4.417589,-4.356480,5.028882,2.323781,1.000000
0.983842,-1.128695,20.000000,-1.437810,0.472727,-3.718225,2.823943,2.755018,-1.000000
-1.541632,1.638935,20.000000,-1.392644,-6.066555,-1.876270,4.486738,1.863574,1.000000
0.682590,0.553294,20.000000,-1.435582,-0.580041,-1.253562,3.525582,2.251375,1.000000
-2.332148,-4.934012,20.000000,-1.546502,-0.064405,-2.702646,3.183214,2.621478,-1.000000
0.672296,-2.168988,20.000000,0.464102,-0.071103,-1.028831,6.131162,2.713462,1.000000
-4.199006,-3.851810,20.000000,1.195112,-0.034922,-0.950966,6.253973,2.242710,1.000000
-3.647886,2.924145,20.000000,3.056046,3.435029,-5.004104,0.843717,2.398495,-1.000000
-3.875995,-1.788466,20.000000,0.781404,0.218427,-1.100684,0.272574,2.506373,-1.000000
3.501347,0.510477,20.000000,0.051555,0.284628,-0.268577,1.391609,2.319135,1.000000
-2.732558,2.830399,20.000000,-0.912470,0.084815,-1.882381,3.048908,2.688535,1.000000
-0.016377,-0.764753,20.000000,0.122862,-1.976306,-3.264149,4.774476,2.596315,-1.000000
3.325365,3.142888,20.000000,0.463708,-0.524640,-3.263727,5.436215,2.930258,1.000000
-2.784181,3.620838,20.000000,1.349754,-0.158872,-2.247323,6.166020,2.597687,1.000000
2.874223,-3.625652,20.000000,0.432595,1.027218,-1.025944,1.172206,2.314804,-1.000000
1.043656,0.926580,20.000000,0.697752,0.161807,-1.401450,0.227869,2.669112,-1.000000
4.376679,-3.376294,20.000000,-0.376448,0.034723,-0.443019,3.049614,2.435162,-1.000000
-4.606361,-3.898602,20.000000,0.456494,-0.111129,-0.630271,6.044390,2.501020,1.000000
-4.058122,-0.048493,20.000000,-0.027762,-0.113284,-0.363618,4.472061,2.831196,1.000000
-2.045876,-4.103117,20.000000,-0.059061,0.752725,-0.947058,1.649099,2.468533,-1.000000
-4.261646,-0.738035,20.000000,-0.138940,0.355962,-0.641546,1.942933,2.604400,1.000000
4.698381,-4.483529,20.000000,-1.138368,0.553392,-2.864947,2.689104,2.725574,-1.000000
4.693244,-4.572635,20.000000,-0.724747,0.917017,-3.235577,2.239613,2.794935,1.000000
0.599879,-4.745659,20.000000,0.825418,2.012515,-3.701810,1.181577,2.610336,1.000000
-2.955331,0.257724,20.000000,-1.689073,-0.171662,-3.394390,3.242876,2.677809,1.000000
-1.627336,0.036473,20.000000,-9.949973,16.751250,-15.495134,2.106780,2.242662,-1.000000
-4.884363,1.407080,20.000000,0.992685,-3.140053,-4.425131,5.018583,2.501807,-1.000000
3.923842,-2.815544,20.000000,1.631400,-1.552722,-4.099815,5.522492,2.639255,-1.000000
-0.743626,-0.263414,20.000000,0.402995,-0.494257,-0.563234,5.396424,2.294247,-1.000000
4.132442,3.492203,20.000000,-0.015979,0.094732,-1.007958,1.737903,3.046568,-1.000000
2.011093,3.872050,20.000000,0.299155,-0.150116,-0.263492,5.818098,2.237704,-1.000000
2.309245,-1.375002,20.000000,-0.389929,-0.030862,-0.685325,3.220575,2.622959,-1.000000
-1.074424,-2.306835,20.000000,-2.703194,-4.907921,-2.060529,4.208946,1.923193,1.000000
-3.837625,-2.263338,20.000000,-0.357071,-0.040119,-0.997931,3.253478,2.795982,1.000000
-3.030914,3.894161,20.000000,-0.121137,0.181038,-0.189658,2.160497,2.287172,-1.000000
4.008426,-2.544502,20.000000,-0.095774,-1.762166,-1.681963,4.658092,2.332175,1.000000
2.102699,-1.088528,20.000000,9.786548,-11.802211,-43.779741,5.404691,2.804734,1.000000
-3.241701,0.087879,20.000000,0.539164,-0.041732,-0.350139,6.205938,2.145394,1.000000
4.677180,1.101609,20.000000,0.515462,0.231063,-1.056559,0.421409,2.650617,1.000000
2.297717,-4.230336,20.000000,-0.694265,-0.287600,-1.805483,3.534324,2.747183,-1.000000
3.581460,-0.173623,20.000000,0.160891,-0.739802,-1.678080,4.926533,2.717769,-1.000000
0.232916,-2.121836,20.000000,0.884782,-2.168411,-1.544436,5.099800,2.153792,-1.000000
-4.012500,-1.623439,20.000000,1.337803,-3.142311,-2.763961,5.114885,2.251184,-1.000000
-2.100707,1.086402,20.000000,0.117268,-0.255597,-1.104850,5.142538,2.892358,1.000000
4.100490,-0.274024,20.000000,-2.506079,-0.529843,-5.377424,3.349948,2.697052,1.000000
0.211086,-4.296884,20.000000,-0.610430,0.818830,-0.375079,2.211405,1.922752,-1.000000
3.506528,0.900645,20.000000,0.080251,-0.123417,-0.334793,5.288932,2.727324,-1.000000
1.510414,0.289283,20.000000,0.713532,0.849377,-2.084636,0.872098,2.652568,-1.000000
-2.619320,-3.078706,20.000000,-0.716023,1.238098,-1.313081,2.095126,2.313515,1.000000
3.909114,-0.583326,20.000000,0.052932,0.248815,-1.207902,1.361186,2.934027,1.000000
-1.697107,-2.409188,20.000000,-2.474747,-1.125959,-1.810098,3.568580,2.158170,1.000000
0.315527,-4.980506,20.000000,-1.256352,-0.015633,-1.518210,3.154035,2.450256,1.000000
-2.641512,2.109273,20.000000,-6.561124,5.369167,-3.691378,2.455774,1.981449,1.000000
-1.771903,-2.244948,20.000000,1.179514,-0.618352,-8.531380,5.800332,2.986740,1.000000
1.279479,-4.353656,20.000000,7.849437,-10.598452,-4.751623,5.349860,1.916601,-1.000000
3.968633,4.480065,20.000000,1.506971,-0.455534,-1.565729,5.989634,2.353460,1.000000
4.994287,-1.238455,20.000000,-0.540882,-0.234269,-0.383247,3.550324,2.147307,1.000000
-4.385577,-0.588546,20.000000,-4.723457,-4.008937,-5.991143,3.845349,2.339438,1.000000
1.163167,-3.612975,20.000000,-0.484027,0.415446,-1.060726,2.432292,2.600180,-1.000000
4.285957,-2.972322,20.000000,1.156124,2.674958,-2.880534,1.162841,2.350401,-1.000000
1.409218,-1.848647,20.000000,-1.447632,-1.372031,-3.070296,3.900185,2.565486,1.000000
-1.178890,2.395861,20.000000,1.463796,0.491366,-1.360675,0.323860,2.293143,-1.000000
-2.496492,-0.592594,20.000000,-0.487784,-0.581786,-0.518712,4.014652,2.170172,-1.000000
-3.896660,-3.477446,20.000000,-2.087235,-2.930489,-4.076176,4.093490,2.418448,1.000000
-1.762074,0.162948,20.000000,-0.465861,-0.249414,-0.322035,3.633144,2.118116,-1.000000
-4.970446,-3.110388,20.000000,0.061470,0.117444,-0.262428,1.088603,2.673856,1.000000
3.857823,-3.558503,20.000000,-0.254497,0.312165,-0.485467,2.254777,2.449042,-1.000000
-3.171970,0.813304,20.000000,-0.227878,0.070827,-0.414169,2.840247,2.618881,1.000000
4.408554,4.064873,20.000000,-0.007923,-0.003191,-0.073206,3.524503,3.025442,-1.000000
-1.058006,-0.028445,20.000000,-2.577409,4.086536,-8.441357,2.133490,2.621750,-1.000000
4.960300,-2.070718,20.000000,0.127548,-0.359050,-1.733030,5.053723,2.925172,1.000000
1.824700,2.455385,20.000000,-0.167051,-0.328319,-1.373535,4.241721,2.879564,-1.000000
3.520044,0.193586,20.000000,1.689132,-1.460351,-1.555322,5.570301,2.179204,1.000000
3.635257,-3.169488,20.000000,-0.151064,0.268408,-2.186712,2.083425,3.001663,1.000000
-2.428201,-3.904095,20.000000,-0.476847,-0.422650,-3.381793,3.866810,2.955357,-1.000000
-0.627962,-0.120090,20.000000,1.577017,0.339623,-1.616443,0.212118,2.357207,-1.000000
4.935108,3.409406,20.000000,0.806957,-0.140575,-0.811028,6.110713,2.351237,1.000000
3.336655,-4.367286,20.000000,1.152260,0.653015,-2.349223,0.515593,2.628234,-1.000000
0.258564,4.916088,20.000000,-1.276437,-0.562118,-2.223646,3.556418,2.581394,1.000000
4.489536,1.529213,20.000000,1.704945,-0.908227,-3.643244,5.793720,2.654053,1.000000
-1.122109,-2.110861,20.000000,0.682153,-0.713343,-2.569054,5.475440,2.774787,-1.000000
-3.448610,1.986449,20.000000,0.170642,2.965672,-3.839165,1.513321,2.483060,-1.000000
2.408542,3.897326,20.000000,0.351707,0.183045,-0.767999,0.479871,2.665020,1.000000
4.434957,3.335437,20.000000,-0.291482,0.813765,-2.130016,1.914748,2.756083,-1.000000
3.771737,3.852271,20.000000,-0.683580,1.741767,-2.927327,1.944789,2.572857,-1.000000
4.077103,3.206448,20.000000,0.668009,-2.124546,-1.975127,5.017026,2.296307,-1.000000
-3.243310,-4.791539,20.000000,-0.307453,-0.717749,-1.116158,4.307678,2.531158,-1.000000
1.459681,1.495304,20.000000,-0.538181,0.057060,-1.173134,3.035964,2.709360,-1.000000
4.676725,-1.263129,20.000000,2.014931,2.260933,-5.392160,0.842868,2.629851,-1.000000
-3.121326,3.468042,20.000000,2.218256,-1.880775,-7.479780,5.579934,2.770764,-1.000000
2.398353,-1.531602,20.000000,-0.489968,-0.212457,-0.526251,3.550738,2.348842,-1.000000
-2.221387,1.180815,20.000000,0.141787,-0.142218,-0.311434,5.496269,2.568861,-1.000000
-4.705586,-3.931716,20.000000,-0.178721,-0.855012,-1.084281,4.506329,2.463449,-1.000000
-2.049669,-4.851599,20.000000,-0.258506,-5.191543,-2.480503,4.662636,2.016043,-1.000000
3.051376,-2.755744,20.000000,0.368997,10.042967,-11.947852,1.534071,2.442268,-1.000000
2.657353,1.277103,20.000000,0.390972,0.657631,-2.162700,1.034420,2.801573,-1.000000
-0.205620,3.260297,20.000000,-1.727914,8.736933,-8.442669,1.766048,2.329485,1.000000
3.259593,-3.953623,20.000000,-2.499636,-2.117184,-3.261888,3.844341,2.354072,-1.000000
-0.852386,1.054949,20.000000,1.668774,-0.961209,-1.403756,5.760602,2.200668,1.000000
1.847690,3.044741,20.000000,2.369238,6.133418,-10.633438,1.202170,2.587795,1.000000
4.319090,1.010171,20.000000,-0.303203,-0.272791,-2.981365,3.874241,3.005635,-1.000000
-0.393272,4.173976,20.000000,0.433111,-0.069722,-0.505713,6.123575,2.427047,1.000000
-4.908157,-2.868136,20.000000,0.739514,-2.016898,-4.404623,5.063827,2.687822,-1.000000
0.809083,-1.363693,20.000000,-2.131257,-0.842489,-1.551490,3.518042,2.165915,1.000000
-1.924444,3.851419,20.000000,0.231097,-0.129639,-0.366227,5.771956,2.515250,1.000000
-2.261088,-4.651141,20.000000,0.049265,0.098712,-0.910355,1.107887,3.020995,1.000000
3.934898,4.722149,20.000000,0.149948,0.119484,-0.614340,0.672809,2.839079,1.000000
4.726953,4.029179,20.000000,3.026513,-0.067105,-4.517037,6.261016,2.551157,-1.000000
-0.630460,-1.353970,20.000000,-0.491787,0.183338,-1.076626,2.784752,2.687999,1.000000
-2.623618,-0.007200,20.000000,0.214135,0.006552,-0.870084,0.030587,2.900171,-1.000000
-4.281016,-2.856014,20.000000,-0.037066,-0.001558,-0.060049,3.183603,2.588184,-1.000000
0.515246,1.835781,20.000000,1.784463,-3.666041,-4.216840,5.165385,2.373020,1.000000
3.150427,2.926913,20.000000,-0.018591,0.005848,-0.122673,2.836835,2.984039,1.000000
0.625834,-1.469711,20.000000,0.357893,-1.628429,-2.131743,4.928727,2.477845,1.000000
0.234942,-4.382539,20.000000,0.036831,-0.013601,-0.193484,5.929441,2.941392,1.000000
4.670863,2.898556,20.000000,0.064331,0.101129,-0.458537,1.004236,2.885925,1.000000
2.279051,1.444130,20.000000,-1.926901,-1.152310,-1.655811,3.680549,2.206250,-1.000000
3.386381,2.808775,20.000000,0.187810,-0.253957,-1.463713,5.349157,2.929059,-1.000000
2.421826,-1.327048,20.000000,1.582753,0.941886,-1.926041,0.536804,2.378546,-1.000000
0.423796,3.378276,20.000000,-0.252083,0.473938,-0.874929,2.059630,2.591273,1.000000
-2.045070,1.713153,20.000000,-0.240983,-0.499270,-1.600967,4.262700,2.808234,-1.000000
-0.519862,-0.765265,20.000000,-8.073434,-1.599530,-2.906796,3.337182,1.910301,1.000000
0.055096,0.543099,20.000000,-5.944189,-2.242863,-6.549222,3.502396,2.371382,1.000000
0.126935,-0.518841,20.000000,0.580411,-0.159943,-1.601844,6.014291,2.782082,1.000000
-0.733123,-4.768061,20.000000,0.389203,0.056741,-0.577980,0.144767,2.544072,-1.000000
0.656278,-0.458760,20.000000,-0.390309,0.567605,-1.321480,2.173179,2.661072,1.000000
2.281931,3.169746,20.000000,-4.638873,0.803665,-5.188319,2.970050,2.404694,1.000000
-1.608345,-2.620366,20.000000,0.182615,-0.288389,-0.575882,5.276881,2.606532,1.000000
2.879306,0.515946,20.000000,-2.730389,0.541764,-1.569821,2.945717,2.084286,-1.000000
-4.608229,-4.061358,20.000000,1.059157,-3.855924,-3.925106,4.980460,2.346901,1.000000
-3.385643,3.450498,20.000000,-1.049882,-2.348060,-1.981529,4.291926,2.227224,1.000000
-1.895741,-4.637207,20.000000,0.139046,0.114687,-0.249467,0.689690,2.515923,1.000000
4.421481,1.535353,20.000000,1.992210,-0.441412,-2.384129,6.065139,2.433696,1.000000
2.781077,-2.674002,20.000000,0.114182,0.677448,-0.918988,1.403818,2.499652,-1.000000
-0.064533,-1.216812,20.000000,-1.340079,2.358674,-1.782047,2.087467,2.152013,-1.000000
4.132355,-1.820728,20.000000,0.285387,-0.032728,-3.432941,6.169005,3.058110,-1.000000
-0.778151,-4.232730,20.000000,0.681310,0.736299,-4.821859,0.824168,2.936475,-1.000000
-0.327343,4.368606,20.000000,2.576202,10.187510,-10.855526,1.323110,2.372451,1.000000
2.452169,4.254214,20.000000,0.015285,-0.012714,-0.017007,5.589341,2.278435,1.000000
2.221948,0.215153,20.000000,0.174913,-0.167491,-1.819560,5.519461,3.009276,1.000000
1.060079,-3.343969,20.000000,1.118176,2.270364,-9.854124,1.113159,2.890201,1.000000
2.884889,-4.625899,20.000000,1.120153,-0.724078,-6.131008,5.709338,2.927380,1.000000
-2.066256,-2.236680,20.000000,-0.303681,0.192024,-0.154686,2.577745,1.977335,1.000000
-4.362863,4.012061,20.000000,-0.076669,-0.086668,-0.627541,3.988134,2.959249,-1.000000
3.978625,2.382287,20.000000,0.413031,0.039188,-1.015947,0.094596,2.753888,1.000000
-1.966930,2.673975,20.000000,-0.413883,0.193577,-0.925943,2.704110,2.683191,1.000000
0.546284,-2.335850,20.000000,0.051735,0.026071,-0.175511,0.466784,2.822772,1.000000
1.887488,-3.218840,20.000000,-0.730753,-0.491925,-1.838779,3.734088,2.694829,-1.000000
4.751637,2.148036,20.000000,0.059031,-0.001399,-0.090775,6.259498,2.564877,-1.000000
0.440543,-3.999736,20.000000,0.118111,-0.070850,-0.236596,5.742872,2.614409,-1.000000
3.518715,-4.803676,20.000000,0.174758,0.593762,-0.711035,1.284556,2.425326,1.000000
4.524110,0.981304,20.000000,-3.277527,-0.475116,-5.730273,3.285552,2.617548,1.000000
0.204370,4.563880,20.000000,-0.126609,0.142089,-0.918070,2.298649,2.937191,1.000000
-1.984317,3.518142,20.000000,9.016435,-0.117556,-3.863323,6.270148,1.975576,1.000000
-1.026623,-1.155583,20.000000,-0.111315,-0.132243,-0.383126,4.012705,2.717764,-1.000000
1.396952,0.753299,20.000000,-0.922298,2.134221,-2.463718,1.978705,2.385158,1.000000
0.669987,-2.345159,20.000000,0.269266,0.215673,-0.513199,0.675330,2.549744,-1.000000
2.326051,1.258434,20.000000,1.103925,-0.584671,-32.912983,5.796116,3.103656,1.000000
1.318332,3.125927,20.000000,0.029222,0.001866,-0.454056,0.063765,3.077194,1.000000
4.411476,-1.010016,20.000000,0.620823,-5.555790,-3.860168,4.823671,2.175120,-1.000000
0.372324,1.750700,20.000000,-2.775897,0.793068,-7.551596,2.863308,2.776439,1.000000
-0.668272,3.020053,20.000000,-7.661047,3.392826,-18.755177,2.724686,2.721452,1.000000
-0.612001,-2.938219,20.000000,0.675843,-0.176695,-0.837642,6.027466,2.446485,1.000000
-0.266210,-1.507165,20.000000,1.176135,0.225326,-0.983992,0.189288,2.258622,1.000000
-1.063274,-4.911121,20.000000,0.350701,-0.873908,-1.767712,5.094017,2.652133,-1.000000
3.304237,-2.132227,20.000000,-0.027960,-0.168398,-0.918435,4.547854,2.957826,-1.000000
0.975172,0.823833,20.000000,-0.631278,1.089957,-3.577231,2.095764,2.803041,1.000000
2.935722,-4.088390,20.000000,5.797632,0.123088,-9.584922,0.021228,2.597500,-1.000000
-4.803640,1.295381,20.000000,0.951624,-0.078844,-2.559681,6.200522,2.784534,-1.000000
0.484002,4.295182,20.000000,-0.435586,0.343051,-1.348162,2.474482,2.751411,1.000000
-3.645393,-3.907729,20.000000,6.698708,2.624093,-11.124793,0.373358,2.567545,1.000000
-1.350476,0.001882,20.000000,-5.096227,0.560187,-4.587383,3.032110,2.300711,-1.000000
3.424855,4.061284,20.000000,4.872983,2.914976,-14.098491,0.539088,2.758710,-1.000000
-4.374219,3.277585,20.000000,-3.103248,2.217227,-2.859310,2.521211,2.214104,-1.000000
-0.399156,-0.261082,20.000000,-0.097543,0.093514,-0.221853,2.377280,2.594517,-1.000000
-2.046794,3.882370,20.000000,0.174227,0.193921,-0.532191,0.838841,2.686100,-1.000000
0.414802,-2.181125,20.000000,1.289160,-0.062677,-1.044093,6.234605,2.250968,1.000000
-1.502595,4.061547,20.000000,-0.135157,-0.112720,-0.584432,3.836722,2.849096,-1.000000
-1.150479,3.376683,20.000000,-0.003920,-0.000348,-0.094461,3.230030,3.099954,1.000000
-4.894205,1.195322,20.000000,-1.291784,-0.738550,-2.426806,3.660965,2.591557,1.000000
-3.993401,4.847146,20.000000,-15.614470,-2.438741,-14.324170,3.296526,2.307123,-1.000000
1.748911,1.673692,20.000000,-0.386187,-0.016556,-0.487988,3.184437,2.471679,-1.000000
-3.911712,-1.077026,20.000000,-0.339841,0.554556,-1.093196,2.120587,2.604890,-1.000000
-3.169118,-0.835848,20.000000,-0.084687,-0.092974,-0.183071,3.973600,2.539675,1.000000
-2.963394,0.288832,20.000000,0.618114,-0.627120,-6.482610,5.490555,3.006588,-1.000000
3.919529,-3.394010,20.000000,-0.236502,-0.275471,-0.859683,4.002959,2.741989,-1.000000
3.783861,3.492765,20.000000,5.067667,6.515399,-9.037544,0.909740,2.401466,-1.000000
3.052962,-3.667746,20.000000,0.886387,0.742515,-1.741274,0.697302,2.555404,1.000000
2.008609,3.379213,20.000000,0.041413,-0.034226,-0.190897,5.592524,2.867252,1.000000
-4.506646,-0.158771,20.000000,-2.060130,-2.078687,-2.434883,3.931475,2.264735,-1.000000
-4.847233,-3.862516,20.000000,-0.090966,0.474582,-1.406621,1.760175,2.810690,1.000000
-2.179908,-0.308102,20.000000,0.590923,-0.112703,-1.369646,6.094725,2.727740,-1.000000
2.455500,2.161508,20.000000,2.027559,-3.051632,-4.214258,5.298833,2.425953,-1.000000
4.384701,2.580127,20.000000,4.308847,-3.220472,-5.246903,5.641344,2.343729,1.000000
-4.432460,-2.341159,20.000000,0.747974,2.608668,-7.937699,1.291561,2.812165,1.000000
-0.247232,0.554628,20.000000,0.081550,-0.292304,-0.723840,4.984460,2.744607,1.000000
-3.281541,2.389500,20.000000,0.477533,0.382053,-4.588948,0.674775,3.009106,-1.000000
-3.407833,-4.876830,20.000000,0.066484,0.025505,-0.037420,0.366310,2.054632,1.000000
3.800135,-4.531654,20.000000,-1.410010,-0.577886,-1.528070,3.530558,2.357581,-1.000000
-2.149326,-4.174249,20.000000,2.543259,-0.155821,-6.789121,6.221993,2.782550,-1.000000
-0.341768,1.903737,20.000000,0.972438,-0.819634,-1.762209,5.582848,2.516451,1.000000
-0.928225,-4.396271,20.000000,1.787914,-0.450727,-2.593905,6.036234,2.523628,-1.000000
0.160541,0.291936,20.000000,-0.087644,0.784942,-2.275179,1.681992,2.807462,1.000000
-4.777990,4.632854,20.000000,2.873989,-10.518240,-17.611076,4.979117,2.587215,-1.000000
1.628924,0.301771,20.000000,1.304916,-36.236591,-44.591681,4.748384,2.458880,1.000000
2.868690,-4.019671,20.000000,-0.801754,0.668617,-1.681383,2.446495,2.585951,-1.000000
3.745723,1.449011,20.000000,7.893871,-5.839580,-4.779553,5.646269,2.023798,1.000000
-3.762465,-0.652803,20.000000,-0.625502,-0.591097,-1.453128,3.898719,2.606894,1.000000
-2.209969,-3.031266,20.000000,-0.124020,-3.753970,-5.549894,4.679364,2.546626,-1.000000
-1.310892,3.240970,20.000000,-0.053473,0.130992,-0.484143,1.958368,2.857271,1.000000
3.156485,-1.557732,20.000000,-0.246357,-0.660139,-1.187477,4.355206,2.606064,1.000000
-1.202861,-0.092734,20.000000,0.490705,-0.068740,-0.399173,6.144007,2.248944,-1.000000
-4.071780,3.109065,20.000000,-3.064346,5.730556,-3.282190,2.061847,2.038496,1.000000
4.052402,-3.739756,20.000000,0.733372,0.175043,-0.927436,0.234299,2.458997,-1.000000
1.319178,-3.280994,20.000000,1.154686,-0.302870,-3.469189,6.026667,2.810184,1.000000
4.829755,-0.508235,20.000000,0.018261,0.013776,-0.068243,0.646310,2.818178,-1.000000
1.257089,4.270939,20.000000,-0.159308,-1.274647,-2.447678,4.588052,2.658295,1.000000
3.902436,4.618292,20.000000,0.024076,0.004048,-0.055181,0.166581,2.725045,-1.000000
-2.345492,4.725344,20.000000,2.444157,-1.275660,-1.836812,5.802154,2.158496,-1.000000
3.463214,0.482615,20.000000,1.950533,-2.326780,-6.853915,5.410050,2.724586,-1.000000
-0.811561,4.801690,20.000000,-1.785246,0.919764,-1.982358,2.665857,2.349706,1.000000
0.487995,2.972254,20.000000,-0.245156,-0.048983,-15.287529,3.338800,3.125241,-1.000000
4.929504,-3.705017,20.000000,7.617295,-1.737790,-5.106329,6.058887,2.149675,-1.000000
-3.572458,-3.257946,20.000000,-0.065587,-1.335128,-2.179463,4.663304,2.591426,1.000000
-3.642502,-3.791243,20.000000,1.090742,-2.162476,-4.102450,5.179546,2.608280,-1.000000
3.200977,-0.625461,20.000000,6.353644,-0.945208,-8.682473,6.135502,2.504631,1.000000
-1.147167,3.258792,20.000000,-0.022884,0.001848,-0.145512,3.061013,2.985105,-1.000000
-0.614752,4.563405,20.000000,8.432524,3.017162,-4.012679,0.343607,1.992020,1.000000
-3.989599,2.121315,20.000000,-0.058160,0.522783,-5.380469,1.681591,3.044140,1.000000
2.507541,-0.694967,20.000000,3.833001,7.486562,-30.056997,1.097607,2.868745,-1.000000
2.528480,3.652685,20.000000,-0.530315,-0.283188,-0.624130,3.632068,2.374914,1.000000
-4.361531,-1.914420,20.000000,-5.215663,3.385275,-2.931042,2.565879,2.011289,-1.000000
-0.254819,-3.831263,20.000000,0.555730,-0.285950,-0.863576,5.807966,2.515127,-1.000000
-0.409968,-2.626075,20.000000,-0.095141,-0.412380,-0.637887,4.485645,2.555812,-1.000000
-3.827053,-0.710064,20.000000,0.148023,-0.118232,-1.508423,5.609213,3.016655,-1.000000
4.779279,1.366537,20.000000,-0.078003,0.001532,-0.584093,3.121956,3.008807,1.000000
-2.149928,4.084346,20.000000,0.084859,0.410112,-1.417532,1.366760,2.854322,1.000000
3.377431,-2.283133,20.000000,0.509704,-1.681480,-2.384518,5.006713,2.506560,-1.000000
4.936118,4.326158,20.000000,-1.685821,-1.366351,-4.591407,3.822701,2.700086,-1.000000
3.334873,0.253189,20.000000,0.014735,-2.075280,-3.329428,4.719489,2.584195,1.000000
-3.095927,1.100188,20.000000,-0.168396,0.549790,-1.486116,1.868015,2.772417,1.000000
-4.816451,3.557281,20.000000,0.730236,-5.854353,-5.403891,4.836482,2.312358,-1.000000
-2.024883,-3.004364,20.000000,0.725210,-0.622224,-2.385550,5.574070,2.760603,-1.000000
-1.530944,4.085084,20.000000,-0.125997,-0.206150,-0.812991,4.163782,2.852724,-1.000000
4.808935,-1.301236,20.000000,-1.222451,-2.423777,-3.086717,4.245261,2.420249,1.000000
3.557242,-2.680261,20.000000,-16.958617,3.165971,-20.988535,2.957029,2.453608,1.000000
-3.788433,-3.188244,20.000000,2.104974,-0.044512,-4.688644,6.262042,2.719528,-1.000000
2.617586,-0.521479,20.000000,-0.334004,0.720727,-0.435834,2.004760,2.072611,-1.000000
1.626635,-3.899218,20.000000,0.601177,0.583330,-2.032347,0.770332,2.750641,1.000000
2.647977,-3.734775,20.000000,0.044691,0.044274,-0.044007,0.780719,2.181210,1.000000
-3.859364,3.808917,20.000000,0.929229,-0.753002,-1.273970,5.602164,2.387741,1.000000
-3.371839,3.035650,20.000000,0.402164,-0.871060,-1.127206,5.144925,2.436434,1.000000
0.061546,-0.162841,20.000000,1.238738,3.752539,-6.667372,1.251953,2.606563,1.000000
2.688005,4.863876,20.000000,-0.466134,0.643750,-0.530436,2.197509,2.159299,1.000000
-0.908524,2.625767,20.000000,0.714027,2.383131,-5.836583,1.279691,2.738670,-1.000000
-1.752920,1.702273,20.000000,-0.101954,0.104734,-0.170759,2.342747,2.433646,-1.000000
1.557704,-2.129827,20.000000,0.361245,0.029875,-0.284715,0.082513,2.236612,1.000000
3.178197,-4.753011,20.000000,0.811033,-1.233104,-4.362825,5.294170,2.815385,-1.000000
-2.788602,0.307131,20.000000,1.478411,0.538351,-1.944548,0.349217,2.461313,1.000000
3.050823,4.887886,20.000000,0.434792,0.969427,-1.420719,1.149187,2.499477,1.000000
2.202420,-1.565690,20.000000,-4.845903,13.811273,-10.122042,1.908242,2.175829,1.000000
0.471598,3.557024,20.000000,-0.099267,-0.267577,-0.656831,4.357145,2.731698,-1.000000
0.119539,-4.231571,20.000000,0.152243,0.796100,-1.069585,1.381842,2.493121,-1.000000
4.960657,-4.771190,20.000000,-0.353479,0.486187,-1.051761,2.199443,2.622377,-1.000000
-3.111824,-2.465867,20.000000,0.599392,0.626165,-0.660944,0.807240,2.222252,-1.000000
0.334185,-4.645105,20.000000,-11.761379,3.845922,-17.234185,2.825557,2.518885,1.000000
1.314075,2.624006,20.000000,-0.146055,-0.239494,-0.564195,4.164761,2.680189,1.000000
-4.529028,-1.531444,20.000000,0.664310,-0.186144,-0.965005,6.009985,2.520927,1.000000
2.128413,3.005183,20.000000,0.245137,-1.293620,-3.153163,4.899665,2.746039,-1.000000
-2.841918,-1.460992,20.000000,0.356873,0.033974,-0.638459,0.094912,2.629973,1.000000
1.115602,0.245093,20.000000,-0.134299,0.556346,-2.359014,1.807659,2.903579,1.000000
-1.907149,-0.175415,20.000000,0.656301,-0.266802,-2.160390,5.897067,2.824712,-1.000000
4.063004,1.916384,20.000000,1.022179,-1.900078,-3.294702,5.205947,2.561806,1.000000
3.525523,-0.518564,20.000000,-0.103471,0.102221,-0.352281,2.362272,2.750035,-1.000000
4.830864,-0.024281,20.000000,-5.232060,5.802218,-5.433100,2.304569,2.178434,1.000000
-0.681979,-3.627102,20.000000,0.812368,-0.114970,-1.028870,6.142595,2.468414,1.000000
-0.284734,-1.347909,20.000000,-1.775469,2.350826,-2.314202,2.217651,2.236665,1.000000
0.291559,3.126826,20.000000,0.627337,-2.081296,-2.417587,5.005145,2.409244,1.000000
1.218122,-2.706572,20.000000,0.904212,-3.902489,-3.894013,4.940073,2.342036,-1.000000
-4.490376,-0.373191,20.000000,0.028386,0.019974,-0.435125,0.613164,3.061994,-1.000000
2.457593,3.936958,20.000000,16.235476,28.765890,-30.554180,1.056965,2.317257,1.000000
4.633691,-2.355502,20.000000,-0.251163,0.256575,-0.775383,2.345536,2.707935,-1.000000
3.151237,3.721077,20.000000,1.169201,0.907043,-2.983063,0.659797,2.681101,1.000000
0.610305,-0.532212,20.000000,-0.861660,1.454314,-3.504210,2.105672,2.692129,1.000000
3.614043,-3.186912,20.000000,0.761928,-4.156070,-7.054851,4.893704,2.601963,1.000000
-2.394789,-4.041316,20.000000,-0.074393,0.276030,-0.899643,1.834053,2.833915,1.000000
-4.907219,-4.430264,20.000000,-4.063387,2.169101,-9.236273,2.651260,2.678989,-1.000000
0.899055,-2.476971,20.000000,2.262469,0.912970,-3.282237,0.383544,2.502385,-1.000000
3.003685,3.689112,20.000000,1.596105,2.047888,-2.236893,0.908749,2.281946,-1.000000
-0.902074,2.997623,20.000000,-7.104170,-1.176012,-3.307363,3.305643,2.001359,-1.000000
-2.466801,3.163910,20.000000,0.354956,0.049367,-1.515608,0.138194,2.909403,-1.000000
-1.252594,-3.099970,20.000000,-0.531199,0.386950,-0.378972,2.512029,2.093872,-1.000000
-2.246626,0.050934,20.000000,-0.696697,0.200579,-0.536201,2.861273,2.207603,1.000000
-1.646007,-4.778481,20.000000,-0.256996,-1.324683,-1.179014,4.520764,2.288914,-1.000000
2.008625,-1.216785,20.000000,0.316551,0.322429,-0.998668,0.794596,2.716704,-1.000000
-0.598049,2.830926,20.000000,0.029453,0.077177,-1.044505,1.206225,3.062670,-1.000000
-1.922043,1.317609,20.000000,-0.211089,2.933692,-1.830355,1.642626,2.127451,1.000000
3.842598,1.099960,20.000000,0.194318,0.360846,-2.357106,1.076820,2.969439,1.000000
-4.830417,1.709802,20.000000,0.034367,0.158463,-0.247351,1.357227,2.561337,-1.000000
2.404135,4.716432,20.000000,0.118277,0.134581,-0.119941,0.849788,2.160709,1.000000
3.027489,1.655279,20.000000,0.705727,5.646350,-21.397017,1.446453,2.881671,1.000000
-3.835028,3.909109,20.000000,-0.957088,-2.142407,-3.114153,4.292254,2.495864,-1.000000
-1.630877,1.594168,20.000000,0.348994,0.496733,-1.537344,0.958343,2.765503,1.000000
-3.988328,2.514282,20.000000,-5.209136,5.113227,-9.120556,2.365486,2.466659,1.000000
2.927079,-1.484152,20.000000,-1.298549,-0.408174,-2.257422,3.446145,2.598982,1.000000
1.956804,-0.148402,20.000000,0.297750,-0.350535,-3.847841,5.416544,3.022629,-1.000000
3.673055,0.040755,20.000000,0.095739,0.192695,-0.601559,1.109677,2.798089,-1.000000
2.029477,4.231791,20.000000,-0.139134,-0.007542,-0.384034,3.195744,2.793535,-1.000000
4.068940,-3.192011,20.000000,-0.158785,-0.218084,-1.855076,4.083059,2.997185,-1.000000
2.906985,1.128744,20.000000,1.140921,-0.157761,-1.765339,6.145781,2.563505,-1.000000
2.330196,0.107261,20.000000,-6.361270,-5.182963,-6.373166,3.825274,2.231169,-1.000000
-1.978866,4.571830,20.000000,-0.082070,0.225796,-0.561788,1.919419,2.737479,-1.000000
3.888834,-4.584917,20.000000,-0.317739,0.392778,-1.975651,2.250973,2.891241,-1.000000
3.954285,-2.387012,20.000000,-0.301565,-0.142561,-0.467726,3.583194,2.522087,1.000000
-0.743381,0.798363,20.000000,-0.018686,-0.059376,-0.221178,4.407494,2.867257,1.000000
2.656346,-2.869407,20.000000,-0.759265,0.189698,-1.795056,2.896761,2.730461,1.000000
4.665918,3.207789,20.000000,-2.598628,1.875697,-2.047485,2.516383,2.139307,1.000000
4.472991,0.702443,20.000000,0.872781,-1.578882,-1.339373,5.217367,2.209431,1.000000
4.409645,-0.964363,20.000000,-0.296787,-0.359799,-0.884798,4.022668,2.656472,-1.000000
1.455076,-2.518379,20.000000,-0.553238,0.312467,-0.655198,2.627461,2.371549,-1.000000
-1.310888,-2.250340,20.000000,5.360470,-4.403693,-11.584138,5.595464,2.602006,-1.000000
-0.518542,1.397086,20.000000,-1.401829,1.122406,-2.637194,2.466442,2.543764,1.000000
3.927547,4.480547,20.000000,0.284903,0.407076,-0.202289,0.960153,1.957431,-1.000000
-4.625517,-4.601868,20.000000,-0.252708,-0.233736,-0.997332,3.888008,2.809245,1.000000
-4.316182,-2.494129,20.000000,1.162071,-0.552206,-0.954663,5.839581,2.209161,1.000000
-3.895503,4.842254,20.000000,-0.100480,-0.015203,-0.197552,3.291754,2.666482,-1.000000
-4.526872,1.998419,20.000000,-6.539428,1.576597,-16.587317,2.905016,2.756321,1.000000
4.423961,-4.976272,20.000000,0.028130,1.154879,-2.344059,1.546444,2.683698,1.000000
3.468936,-1.355476,20.000000,29.626542,4.841459,-32.693969,0.161984,2.398814,1.000000
4.957928,4.084262,20.000000,-0.084491,-0.203623,-0.884643,4.319073,2.897363,1.000000
-3.562137,1.390769,20.000000,-0.065035,0.271940,-0.672926,1.805541,2.747786,1.000000
-1.137378,0.626474,20.000000,-1.134761,0.361266,-3.738389,2.833375,2.833202,1.000000
3.211699,-2.157333,20.000000,17.462972,19.303676,-10.605464,0.835421,1.957687,1.000000
-1.121696,-3.321891,20.000000,-0.071547,0.033769,-0.163322,2.700611,2.690490,-1.000000
4.017559,1.766083,20.000000,0.022291,-0.026030,-0.053623,5.420565,2.572916,1.000000
0.167357,4.890757,20.000000,0.299544,0.018613,-0.672776,0.062057,2.721991,1.000000
1.484363,-4.084724,20.000000,-1.523812,-2.372260,-1.295386,4.141413,2.001470,1.000000
-0.341708,-3.515384,20.000000,-0.489064,1.020224,-2.589435,2.017803,2.729665,-1.000000
2.912335,-2.940253,20.000000,-18.774076,4.601448,-2.491265,2.901235,1.698972,-1.000000
0.842076,3.253563,20.000000,-2.706533,12.252632,-27.897223,1.788199,2.718910,1.000000
-3.773429,4.522091,20.000000,1.780239,-10.230414,-7.532059,4.884678,2.198328,-1.000000
2.531362,2.226884,20.000000,2.112920,0.673661,-4.025827,0.308641,2.638081,1.000000
3.844346,-3.951107,20.000000,0.656319,3.019122,-3.570173,1.356739,2.428224,-1.000000
1.498413,2.154753,20.000000,-1.530901,-3.884942,-6.277545,4.337014,2.554620,-1.000000
-1.697840,1.719172,20.000000,3.906603,2.418036,-6.712514,0.554245,2.541378,1.000000
-0.414276,-2.500457,20.000000,2.773673,1.563993,-5.426835,0.513430,2.610968,-1.000000
4.160001,2.582754,20.000000,0.185517,0.059617,-0.679107,0.310932,2.862163,1.000000
-1.761777,2.561939,20.000000,0.103619,0.242728,-1.340378,1.167322,2.947180,1.000000
-4.999586,-1.573256,20.000000,-0.093021,0.240364,-0.485449,1.940047,2.653514,1.000000
3.105912,-1.779979,20.000000,7.697719,-11.922993,-9.869609,5.285679,2.178452,-1.000000
3.991587,2.672552,20.000000,1.362636,-2.369721,-4.020427,5.234238,2.544472,-1.000000
3.491548,4.567301,20.000000,-0.370367,-1.571053,-1.059707,4.480872,2.151744,1.000000
-3.717288,-4.751866,20.000000,4.664711,-5.759918,-4.796202,5.393112,2.145127,1.000000
0.223019,0.261006,20.000000,0.006328,0.017074,-0.027415,1.215888,2.555285,-1.000000
-3.430217,-1.483117,20.000000,1.135865,0.682939,-6.255322,0.541338,2.932802,1.000000
-3.384779,-3.499713,20.000000,0.188814,0.440070,-1.088210,1.165497,2.727045,-1.000000
-4.317003,4.890432,20.000000,4.777720,0.321524,-3.596602,0.067195,2.214993,1.000000
-2.446963,1.254704,20.000000,-0.159703,-1.542345,-2.065368,4.609211,2.497607,1.000000
-1.678436,3.298941,20.000000,-0.040659,-0.032072,-0.100847,3.809471,2.667198,-1.000000
-4.220939,1.818628,20.000000,-0.042762,0.022993,-0.071983,2.648241,2.548201,-1.000000
0.669909,4.242152,20.000000,-0.338358,-2.943927,-2.420253,4.597957,2.255662,-1.000000
-0.068910,-2.672375,20.000000,-6.851160,7.368707,-25.719166,2.319814,2.768686,1.000000
3.921030,4.311625,20.000000,2.867013,1.750383,-4.294678,0.548123,2.477827,1.000000
1.838949,0.965870,20.000000,-0.623680,-0.175895,-4.040732,3.416481,2.982577,1.000000
-3.004785,-2.804392,20.000000,-2.637007,0.458064,-4.659056,2.969603,2.620156,-1.000000
4.546459,-2.239209,20.000000,0.008433,-0.091002,-0.102206,4.804790,2.411998,-1.000000
-1.983741,0.396505,20.000000,0.210463,-0.460795,-1.260425,5.140832,2.759437,-1.000000
0.167904,-0.273773,20.000000,-9.804726,-6.106743,-6.111170,3.698635,2.057422,1.000000
3.450211,-0.529449,20.000000,-0.032992,-0.011221,-0.081790,3.469439,2.738811,1.000000
0.434528,4.672870,20.000000,0.276571,0.082356,-1.436200,0.289416,2.943305,1.000000
-4.630771,2.757468,20.000000,0.629303,-1.075522,-0.744219,5.241791,2.109183,-1.000000
3.948614,2.174868,20.000000,-0.142602,1.122850,-2.214536,1.697120,2.669098,-1.000000
4.087784,0.667961,20.000000,0.080321,0.074957,-1.714863,0.750863,3.077615,-1.000000
-4.745035,-4.112960,20.000000,1.531040,3.398015,-2.803355,1.147469,2.215687,1.000000
-4.854796,2.771245,20.000000,-0.092869,-0.169475,-0.252213,4.211096,2.487786,-1.000000
0.366852,1.862428,20.000000,-0.501042,0.566056,-1.409193,2.295344,2.649218,1.000000
-4.639163,0.187952,20.000000,-0.063339,0.081658,-0.109912,2.230517,2.386986,1.000000
-4.810972,-4.149558,20.000000,0.080601,0.605571,-2.587977,1.438475,2.909779,-1.000000
-4.524102,1.428180,20.000000,-0.428469,0.376696,-1.530687,2.420407,2.784825,1.000000
0.886666,2.167048,20.000000,-0.185362,-0.369404,-0.495022,4.247312,2.445921,1.000000
-4.666178,1.601750,20.000000,-1.186490,-0.866606,-3.378429,3.772428,2.731368,1.000000
0.671241,-4.239034,20.000000,-0.098237,-0.018666,-0.325339,3.329366,2.843401,-1.000000
-3.600831,0.963251,20.000000,-3.503739,1.432052,-16.021301,2.753591,2.909593,-1.000000
1.938913,-0.318247,20.000000,0.873973,-0.688019,-2.516264,5.616279,2.725376,1.000000
4.445479,-0.955877,20.000000,1.028792,-0.036114,-1.960064,6.248096,2.657989,-1.000000
4.810672,0.774024,20.000000,-0.220145,0.106082,-0.441051,2.692552,2.635634,1.000000
0.277793,3.267337,20.000000,0.526601,0.341955,-1.027202,0.575926,2.592935,1.000000
0.954461,-4.286163,20.000000,-0.358500,0.605609,-0.977479,2.105287,2.517583,-1.000000
-2.285221,4.896695,20.000000,0.000156,0.313879,-0.310209,1.570298,2.350313,-1.000000
-1.050584,-3.799624,20.000000,5.296058,2.308545,-8.683936,0.411066,2.554544,1.000000
-3.577985,-3.532415,20.000000,3.328113,-3.316632,-6.324669,5.499515,2.502656,1.000000
2.407396,1.958158,20.000000,0.117387,0.101237,-0.214083,0.711661,2.514891,-1.000000
4.189908,1.787569,20.000000,0.198128,-0.763154,-3.565105,4.966398,2.923938,-1.000000
2.457490,3.216462,20.000000,-2.038187,-2.581698,-4.585112,4.044098,2.519295,1.000000
-0.223894,-1.428113,20.000000,0.872831,-0.379733,-0.563399,5.872826,2.105235,-1.000000
-4.193260,3.550724,20.000000,0.075679,0.021662,-0.333609,0.278784,2.909873,1.000000
1.108877,-3.267376,20.000000,-0.433775,0.743041,-1.685325,2.099207,2.669566,1.000000
2.848032,-1.862418,20.000000,5.757678,-2.430726,-5.700638,5.883713,2.310278,-1.000000
2.882663,-2.879214,20.000000,-2.135499,-0.552470,-7.563360,3.394750,2.857820,1.000000
-0.329396,1.655623,20.000000,0.241687,2.815835,-1.521519,1.485175,2.064662,-1.000000
4.533482,0.105469,20.000000,-0.443746,-0.153602,-1.325955,3.474833,2.801231,1.000000
2.468505,-3.000665,20.000000,-0.202189,1.198728,-4.510036,1.737893,2.878304,1.000000
-0.651678,4.641716,20.000000,1.172643,-0.286338,-1.533583,6.043690,2.474762,1.000000
-2.142589,1.520586,20.000000,0.863839,-0.007235,-3.744519,6.274810,2.914857,-1.000000
2.757503,-1.475160,20.000000,2.126980,1.804926,-1.937233,0.703673,2.177788,1.000000
-2.837997,-1.738481,20.000000,0.047021,0.024394,-0.123186,0.478567,2.735480,1.000000
-3.900502,-2.312165,20.000000,-3.639743,0.794836,-4.493061,2.926591,2.449316,-1.000000
4.390314,-2.266468,20.000000,5.154350,-2.312004,-2.961506,5.861535,2.053648,-1.000000
3.742528,2.861161,20.000000,0.538578,-2.508954,-3.222287,4.923842,2.469073,1.000000
1.947614,1.654153,20.000000,-0.221416,0.040869,-0.228077,2.959066,2.362638,-1.000000
-1.561161,4.819903,20.000000,-0.758018,2.974734,-3.794213,1.820305,2.461344,-1.000000
-4.870218,2.517085,20.000000,-0.033145,-0.142969,-0.290133,4.484577,2.673286,-1.000000
-0.645100,0.035294,20.000000,-0.052924,0.042657,-0.133877,2.463199,2.671773,-1.000000
3.231258,3.908712,20.000000,-0.786537,0.791018,-1.024129,2.353354,2.313514,-1.000000
-4.884397,-2.387149,20.000000,0.345285,-0.410674,-1.120243,5.411504,2.694927,1.000000
1.846439,3.310557,20.000000,-0.078145,-0.027703,-0.163246,3.482278,2.671654,1.000000
-0.706273,-4.202426,20.000000,-0.661917,-0.762020,-1.580731,3.997176,2.573316,-1.000000
-0.593332,4.358862,20.000000,-10.299751,11.465244,-23.398536,2.302697,2.559137,-1.000000
-0.892135,-3.641565,20.000000,0.014227,-0.060331,-0.210225,4.943975,2.854861,1.000000
-3.756547,1.543235,20.000000,-0.522438,0.946200,-2.868671,2.075284,2.781265,1.000000
1.378163,-3.923145,20.000000,4.878555,6.549540,-17.185243,0.930587,2.697963,1.000000
-2.633604,2.276682,20.000000,-0.250740,-3.181315,-2.916560,4.633735,2.311262,1.000000
-4.201114,1.519171,20.000000,-0.002507,-0.026245,-0.079427,4.617156,2.821102,1.000000
0.681441,-0.777747,20.000000,-0.049088,-0.139931,-3.896122,4.375003,3.103550,1.000000
-0.604222,-1.718184,20.000000,0.039159,0.555459,-0.567486,1.500415,2.365665,1.000000
-2.705555,-1.397250,20.000000,-0.358520,-0.590972,-1.989229,4.167086,2.807164,1.000000
0.086619,1.291801,20.000000,2.906336,-1.676574,-5.481578,5.759948,2.592327,1.000000
3.296481,-3.639440,20.000000,-1.385738,-1.923498,-1.224682,4.088085,2.047632,1.000000
4.977063,-1.819736,20.000000,-6.497714,0.716896,-18.536752,3.031707,2.802551,-1.000000
-3.886736,-2.880704,20.000000,-0.080779,4.120674,-1.943840,1.590397,2.011498,1.000000
4.747518,4.355315,20.000000,0.266053,0.479668,-1.090720,1.064381,2.675636,-1.000000
3.291127,4.474105,20.000000,-0.828492,-1.150411,-3.277984,4.088254,2.733396,1.000000
2.345822,-1.579217,20.000000,-0.516421,0.216995,-2.098766,2.743802,2.880773,1.000000
0.353521,-0.229472,20.000000,0.034607,1.420757,-3.447956,1.546443,2.750631,-1.000000
4.943780,4.120312,20.000000,-3.598639,-0.265245,-9.546567,3.215167,2.780213,-1.000000
-4.199547,4.052925,20.000000,0.027525,-1.105645,-1.620851,4.737278,2.542811,1.000000
-0.598036,-4.456728,20.000000,-0.859378,-0.761826,-0.897318,3.866891,2.234054,-1.000000
4.413086,-2.678052,20.000000,-0.167868,0.854857,-1.076607,1.764699,2.461271,-1.000000
2.088789,-2.286125,20.000000,-5.303679,-3.444390,-6.198725,3.717570,2.346192,-1.000000
-3.012904,1.524460,20.000000,-0.842978,0.339023,-1.987166,2.759215,2.712740,-1.000000
3.684445,-2.118510,20.000000,0.016792,0.009619,-0.088357,0.520202,2.925979,-1.000000
2.636445,4.140053,20.000000,0.738623,0.704359,-1.529635,0.761657,2.553195,-1.000000
-1.027173,3.384654,20.000000,0.682517,0.380079,-1.937185,0.508108,2.758270,-1.000000
-3.299300,4.679807,20.000000,-1.380503,0.457506,-3.201091,2.821579,2.715147,-1.000000
2.060342,3.691668,20.000000,8.804544,-3.652169,-5.092529,5.889981,2.061473,1.000000
-2.066632,1.332720,20.000000,0.199108,-0.636014,-1.829566,5.015780,2.792264,1.000000
2.242125,-0.518022,20.000000,-0.877228,1.158895,-1.502254,2.218732,2.372699,-1.000000
0.082881,-3.412058,20.000000,0.707346,-1.584700,-2.188014,5.132211,2.471049,-1.000000
-0.308940,2.230338,20.000000,-0.221163,-0.005139,-0.262103,3.164826,2.440574,-1.000000
4.703021,-2.492686,20.000000,2.523172,0.169996,-5.839188,0.067272,2.732890,1.000000
-4.169268,-4.903181,20.000000,-1.978084,2.917166,-4.397532,2.166662,2.465943,-1.000000
3.005049,-4.357471,20.000000,0.055019,-0.045564,-1.154009,5.591517,3.079769,1.000000
-2.517419,-2.717199,20.000000,-0.164601,-0.052957,-0.928582,3.452862,2.957492,1.000000
-3.146540,0.562069,20.000000,2.074645,0.700470,-3.799652,0.325616,2.618789,1.000000
-4.283658,-3.169792,20.000000,0.460814,2.519955,-2.350167,1.389929,2.313147,1.000000
-1.116279,-2.012618,20.000000,0.293076,0.701694,-0.585670,1.175152,2.227084,-1.000000
-1.480033,-2.756471,20.000000,-0.683090,1.963117,-1.326221,1.905654,2.138722,1.000000
1.812181,-4.031958,20.000000,-0.032072,-0.156484,-0.518589,4.510237,2.842793,-1.000000
3.582039,-3.781940,20.000000,-0.112978,-0.299215,-0.998164,4.351358,2.831507,-1.000000
-0.601655,-2.810748,20.000000,0.015980,0.025906,-0.187786,1.018076,2.980900,1.000000
3.958304,-3.856781,20.000000,-1.001290,1.278605,-0.812149,2.235154,2.034515,1.000000
-0.441781,2.114931,20.000000,-1.103202,1.141808,-10.912331,2.339000,2.997111,1.000000
0.565412,-1.188584,20.000000,-4.233016,-0.244162,-5.501078,3.199209,2.484932,-1.000000
2.918094,-0.327761,20.000000,-2.253746,-1.648818,-1.498345,3.773207,2.063265,-1.000000
-2.163233,-4.448177,20.000000,2.229251,-4.118561,-1.939994,5.208504,1.963525,1.000000
-4.779338,-4.570177,20.000000,0.168905,0.127874,-0.645323,0.648012,2.824391,-1.000000
2.354027,-1.598153,20.000000,-0.603873,-0.789284,-1.708604,4.059300,2.614781,1.000000
-2.291199,-3.257382,20.000000,0.310687,-0.003694,-0.902887,6.271296,2.810158,-1.000000
0.909691,-0.750712,20.000000,0.985295,-0.234641,-0.666469,6.049397,2.152785,1.000000
-0.062727,2.794596,20.000000,-1.925743,3.973763,-3.479259,2.022060,2.238123,-1.000000
3.550947,4.434839,20.000000,2.328617,1.335389,-1.508265,0.520683,2.082710,1.000000
-1.179549,-3.879999,20.000000,-0.312137,1.097763,-2.129099,1.847825,2.649532,-1.000000
-4.155177,-1.106895,20.000000,-0.153628,-0.099939,-3.963906,3.718340,3.095390,1.000000
-2.043581,-3.049784,20.000000,12.650703,3.072666,-16.556048,0.238271,2.475243,1.000000
4.545266,2.742517,20.000000,-0.517257,1.671296,-1.078461,1.870941,2.123214,-1.000000
-2.333970,-2.596631,20.000000,-2.137686,1.057975,-3.518690,2.682021,2.545884,-1.000000
2.632054,-0.964554,20.000000,0.299609,1.187063,-2.900274,1.323565,2.742156,1.000000
3.352377,2.939536,20.000000,-0.084982,-1.716698,-4.358109,4.662926,2.765931,1.000000
-2.079786,3.417837,20.000000,0.455592,0.613750,-3.811404,0.932236,2.943672,-1.000000
0.942254,-0.595336,20.000000,-2.939521,-0.840855,-2.719488,3.420204,2.297764,1.000000
-0.255647,0.981233,20.000000,-1.185855,-1.527641,-4.723161,4.052289,2.752967,1.000000
2.303075,0.267299,20.000000,-4.724412,-0.211032,-7.644015,3.186231,2.587558,1.000000
-0.022423,1.994599,20.000000,-0.110289,-0.556697,-0.690717,4.516809,2.453799,1.000000
1.797547,3.841205,20.000000,1.365559,8.237428,-9.772192,1.406515,2.434521,-1.000000
-0.351743,0.790450,20.000000,-0.468276,0.307611,-1.232968,2.560381,2.715077,1.000000
-4.588598,-0.696738,20.000000,0.368873,0.649220,-2.064284,1.054103,2.794514,1.000000
-4.598288,2.620310,20.000000,0.739375,-1.965312,-2.973005,5.072222,2.526660,-1.000000
3.209509,-4.675295,20.000000,0.152058,-0.449796,-0.505145,5.038388,2.387148,1.000000
-1.926461,-2.693585,20.000000,0.332996,-0.741465,-1.017356,5.134499,2.467497,1.000000
-1.044904,1.674429,20.000000,-2.976801,-0.287877,-4.599634,3.238000,2.565076,1.000000
4.668283,-4.556527,20.000000,0.370215,0.563014,-1.904586,0.989125,2.801543,1.000000
1.651984,-0.890233,20.000000,15.365895,-9.808645,-12.692089,5.715052,2.178990,-1.000000
-0.889171,3.599180,20.000000,-3.846461,-1.973360,-2.584863,3.615612,2.109682,1.000000
1.204399,-4.352543,20.000000,-0.964256,0.725197,-1.158488,2.496762,2.335886,1.000000
-0.776292,-1.294901,20.000000,-1.647423,-2.524989,-3.788292,4.134295,2.469391,1.000000
0.087722,-0.018844,20.000000,-0.038486,0.105026,-0.349142,1.922045,2.831552,1.000000
0.133406,-3.944598,20.000000,-0.002536,-0.017489,-0.217908,4.568371,3.060673,-1.000000
-2.014431,-0.717472,20.000000,0.002421,0.095238,-0.745340,1.545385,3.014462,1.000000
2.880396,1.759831,20.000000,0.193027,0.021793,-0.113092,0.112425,2.098015,-1.000000
3.936811,-0.782407,20.000000,-0.695019,1.558000,-1.745902,1.990400,2.367755,-1.000000
4.656850,-0.722199,20.000000,-2.319276,-1.078799,-2.333803,3.576969,2.310415,1.000000
3.274729,-3.946504,20.000000,1.286207,0.696844,-1.470796,0.496512,2.358904,1.000000
-0.746762,-0.909477,20.000000,-0.614621,0.371166,-0.259736,2.598315,1.917900,1.000000
0.111985,2.113362,20.000000,0.145976,-0.186580,-0.279615,5.376292,2.438707,1.000000
3.250369,-0.047685,20.000000,0.304044,-0.283133,-0.931139,5.533384,2.721916,-1.000000
0.503092,4.261313,20.000000,-0.114280,-0.752333,-1.793145,4.561641,2.740253,1.000000
0.866141,1.833201,20.000000,-0.449125,-0.000901,-0.693349,3.143599,2.566792,1.000000
-3.508184,3.103895,20.000000,0.139750,0.206995,-0.858191,0.976953,2.858391,1.000000
4.437690,2.801058,20.000000,6.469532,-1.800117,-4.697905,6.011804,2.181242,1.000000
0.418785,3.065211,20.000000,21.744728,-11.592299,-40.541233,5.793403,2.595444,1.000000
-2.748963,2.885272,20.000000,0.153327,0.103095,-0.273515,0.591949,2.547487,1.000000
4.105089,2.308515,20.000000,0.127663,-0.377836,-0.482693,5.038225,2.451055,-1.000000
0.432621,-1.453402,20.000000,1.272911,-0.056069,-2.583457,6.239166,2.683405,1.000000
-0.037337,-0.754828,20.000000,0.195148,0.015241,-0.479647,0.077942,2.754126,1.000000
-3.920959,-3.467580,20.000000,-0.078564,0.161041,-0.156799,2.024678,2.289673,-1.000000
-4.909990,-2.715893,20.000000,-2.691888,-2.609385,-5.690491,3.911429,2.559041,-1.000000
4.162252,4.581188,20.000000,-0.745890,0.228994,-1.364827,2.843719,2.622254,1.000000
3.967021,1.137148,20.000000,-1.905573,0.091704,-2.661197,3.093506,2.519623,1.000000
-1.334448,-1.420609,20.000000,0.136621,-0.389647,-1.072332,5.049623,2.774038,1.000000
4.786793,-1.663194,20.000000,0.549779,0.054220,-1.341427,0.098304,2.750926,-1.000000
-4.696083,-2.991508,20.000000,-0.339773,-0.027108,-0.416352,3.221206,2.455574,1.000000
0.675582,3.193355,20.000000,-3.380790,-0.376768,-2.368677,3.252578,2.179046,1.000000
-3.794772,2.490566,20.000000,1.190378,-1.100396,-3.398569,5.537047,2.696525,1.000000
-4.766924,-1.688388,20.000000,0.979739,-0.702063,-5.550290,5.661417,2.927751,1.000000
-1.182758,3.838387,20.000000,-2.576513,-1.161034,-2.730377,3.564964,2.338982,1.000000
0.702077,-1.211804,20.000000,-1.117547,0.647677,-6.694117,2.616344,2.950980,1.000000
4.403712,2.855455,20.000000,-1.609636,-0.705744,-3.088166,3.554799,2.624184,1.000000
-4.275698,3.137106,20.000000,15.946481,5.101965,-14.721597,0.309651,2.292046,1.000000
3.996999,-3.600737,20.000000,0.188631,0.061848,-1.689191,0.316832,3.024610,1.000000
-3.755141,0.859140,20.000000,-0.159591,-0.055295,-0.285272,3.475127,2.607030,-1.000000
-2.670578,-3.309095,20.000000,1.251570,1.155093,-1.219614,0.745332,2.192246,1.000000
-3.084404,-3.011498,20.000000,0.053720,0.321471,-0.319543,1.405220,2.346301,-1.000000
0.846813,0.239437,20.000000,0.582378,-0.629758,-5.290437,5.458719,2.980857,1.000000
3.157126,3.585816,20.000000,-3.971942,-0.038258,-5.464969,3.151224,2.513083,-1.000000
-3.450324,-2.855449,20.000000,-0.488394,0.679783,-0.537114,2.193801,2.141303,-1.000000
-0.135649,-3.098987,20.000000,-0.323857,0.386597,-0.976058,2.268113,2.664681,-1.000000
-3.841922,-0.487582,20.000000,0.955952,0.234140,-0.940115,0.240200,2.333285,-1.000000
4.630062,4.098094,20.000000,-0.085668,0.367798,-0.702834,1.799638,2.648540,1.000000
0.038757,2.808704,20.000000,-0.154212,0.444564,-0.755201,1.904693,2.584374,-1.000000
1.472218,4.698378,20.000000,-0.483575,1.385369,-0.836799,1.906632,2.089078,1.000000
-4.665663,2.680758,20.000000,0.654679,0.093257,-1.412838,0.141496,2.703825,1.000000
4.673662,-4.217829,20.000000,-0.054708,0.009119,-1.406771,2.976428,3.102187,1.000000
0.289359,1.795450,20.000000,0.308603,-0.690574,-2.003825,5.132645,2.780655,1.000000
0.686893,0.426043,20.000000,-0.177482,0.286723,-0.578927,2.125071,2.614161,1.000000
-3.166314,-1.510628,20.000000,0.053941,-0.156712,-0.206131,5.043895,2.464400,1.000000
-2.971707,2.913496,20.000000,-0.077174,-0.002428,-0.162453,3.173039,2.697907,1.000000
4.271415,4.971316,20.000000,-27.830810,10.572511,-38.067502,2.778546,2.477883,1.000000
2.581806,2.299403,20.000000,0.104799,-0.117022,-0.371270,5.442738,2.741322,1.000000
-4.135138,-0.594834,20.000000,0.001706,-0.002957,-0.069612,5.235501,3.092589,1.000000
-2.983916,3.978090,20.000000,-0.400768,1.388031,-6.158649,1.851883,2.911173,1.000000
0.644336,-3.093279,20.000000,-2.430566,6.979309,-5.866048,1.905914,2.241706,1.000000
3.600972,0.960504,20.000000,0.613313,-4.376703,-20.394210,4.851614,2.928190,-1.000000
-2.010698,-3.533076,20.000000,0.663709,-1.063248,-1.625611,5.270433,2.484767,1.000000
-0.439203,3.415894,20.000000,0.416157,-0.015632,-0.749799,6.245639,2.634601,-1.000000
-1.666918,0.632364,20.000000,-0.016184,0.003156,-0.051495,2.949026,2.831705,-1.000000
-3.120491,-2.211651,20.000000,-0.441702,-0.295588,-1.349199,3.731348,2.766335,1.000000
3.159323,-0.349176,20.000000,4.829542,2.028845,-5.968489,0.397705,2.421250,1.000000
-0.247958,-1.147245,20.000000,-0.327545,-0.861048,-1.760466,4.348890,2.659483,1.000000
0.526543,-1.563715,20.000000,-2.956063,3.861502,-2.848221,2.224157,2.100622,1.000000
2.977751,1.336160,20.000000,12.257960,-11.849477,-14.534934,5.514730,2.276763,-1.000000
-3.886402,3.489715,20.000000,0.072301,1.032719,-1.355730,1.500900,2.489439,1.000000
-1.734856,-1.571130,20.000000,3.586562,-1.088809,-5.342716,5.988447,2.529826,1.000000
4.416508,-0.447083,20.000000,1.039119,-0.059703,-1.232055,6.225793,2.440128,-1.000000
3.923506,4.231659,20.000000,0.122939,0.416098,-0.751248,1.283512,2.617848,1.000000
-4.299319,-4.453087,20.000000,0.375263,-1.165514,-2.369802,5.023880,2.664688,1.000000
3.421100,-4.956811,20.000000,0.910947,1.248972,-1.193729,0.940638,2.228354,-1.000000
0.761002,-2.782279,20.000000,4.007386,0.414160,-5.599499,0.102984,2.517912,1.000000
3.631331,0.310804,20.000000,1.446299,-0.024397,-4.821415,6.266319,2.850121,1.000000
-3.113427,3.982927,20.000000,-0.814560,-2.024454,-1.726639,4.329850,2.240175,-1.000000
3.754813,-2.708973,20.000000,-0.392126,0.426309,-0.478786,2.314452,2.261546,-1.000000
0.888530,-3.137643,20.000000,-1.344068,2.829436,-10.643635,2.014269,2.855371,1.000000
-2.311322,2.322677,20.000000,-0.180139,-0.274361,-3.339837,4.131406,3.043635,1.000000
-3.633949,-0.045283,20.000000,-5.531246,2.573252,-2.398866,2.706153,1.945447,1.000000
-4.487525,3.804667,20.000000,0.266760,-0.095376,-0.248503,5.939813,2.290861,-1.000000
3.952952,-0.707570,20.000000,-0.124763,-0.581878,-1.683459,4.501173,2.801803,1.000000
4.161042,2.443064,20.000000,1.058400,-0.094861,-4.691737,6.193798,2.918858,-1.000000
0.071708,4.510319,20.000000,1.262764,1.496672,-4.517627,0.869963,2.732578,1.000000
-0.029219,-1.679825,20.000000,0.041263,0.035734,-0.131846,0.713718,2.749070,-1.000000
1.371997,-0.129216,20.000000,-0.033537,0.139557,-0.336651,1.806637,2.738583,-1.000000
-1.143709,1.062424,20.000000,0.628396,0.110160,-0.694283,0.173541,2.398432,-1.000000
-3.075079,0.489435,20.000000,0.096926,0.054447,-0.704844,0.511808,2.985157,-1.000000
-4.125485,-1.095088,20.000000,-0.579385,-6.208866,-14.795691,4.619343,2.742721,1.000000
-1.060135,-1.491467,20.000000,0.198311,2.258447,-1.974084,1.483213,2.287208,-1.000000
-2.392301,-0.390981,20.000000,-0.359147,0.453360,-0.295051,2.240757,2.042519,1.000000
0.943754,-4.049839,20.000000,-0.088632,0.281832,-0.610137,1.875487,2.690649,-1.000000
-3.256289,0.590072,20.000000,-26.308284,9.522960,-33.159580,2.794289,2.440731,-1.000000
-4.388049,-0.954427,20.000000,0.161342,-0.162666,-0.453865,5.493702,2.674115,-1.000000
-1.521911,1.242779,20.000000,0.047174,0.052369,-0.192381,0.837539,2.790406,1.000000
-1.061629,2.474598,20.000000,0.877238,0.880459,-1.833297,0.787231,2.545820,1.000000
-1.350091,-2.272171,20.000000,0.088108,-0.058081,-0.669252,5.700369,2.985197,-1.000000
-2.803449,3.982103,20.000000,-0.041738,-0.021021,-0.105920,3.608139,2.726073,1.000000
0.485642,0.241252,20.000000,-0.670132,1.548064,-3.413614,1.979326,2.682625,-1.000000
0.487720,4.269567,20.000000,0.014089,-0.122070,-0.231590,4.827298,2.653771,-1.000000
1.781821,-0.651892,20.000000,-2.330099,1.119415,-8.204647,2.693735,2.836368,1.000000
-2.729875,-0.509853,20.000000,-1.394451,-1.973280,-3.329094,4.097203,2.513759,-1.000000
3.229109,-2.637779,20.000000,-0.799569,0.354672,-2.038690,2.724091,2.736296,1.000000
2.816946,-0.657799,20.000000,-0.236208,0.137129,-0.369071,2.615604,2.504496,1.000000
-2.879424,-3.558528,20.000000,-0.138212,-0.057118,-1.128440,3.533482,3.009833,1.000000
1.896054,-4.349391,20.000000,1.793912,-1.073113,-4.519518,5.744093,2.708374,1.000000
1.504026,-1.054486,20.000000,0.013330,-0.017464,-0.195405,5.364340,3.029628,1.000000
-1.841472,-4.431006,20.000000,-0.037391,-0.313702,-0.493960,4.593755,2.572583,-1.000000
0.233029,3.965074,20.000000,-0.025808,-0.039806,-0.097184,4.137174,2.687470,1.000000
-2.005849,0.115736,20.000000,5.060925,-2.810794,-3.074601,5.776212,2.059016,1.000000
-0.603285,-3.913927,20.000000,-0.594070,-1.063385,-1.176555,4.202922,2.338857,-1.000000
0.242936,4.172719,20.000000,0.679040,0.054371,-1.261620,0.079900,2.646497,-1.000000
-4.581650,-0.618545,20.000000,-1.338648,-0.820168,-3.498689,3.691286,2.719806,1.000000
2.075076,-0.262076,20.000000,0.267798,-0.307408,-0.939666,5.429034,2.732231,1.000000
0.665939,3.525442,20.000000,-0.921329,1.220040,-2.035158,2.217594,2.497316,1.000000
-1.550462,4.796449,20.000000,-1.008558,1.744807,-3.699384,2.094908,2.642771,-1.000000
1.758155,-3.718013,20.000000,-0.166841,-0.830645,-2.872953,4.514169,2.854821,-1.000000
-0.289684,-4.208151,20.000000,-0.408165,-0.561990,-3.836192,4.084238,2.962475,-1.000000
3.725740,-4.999292,20.000000,-34.282546,5.490746,-54.781169,2.982780,2.576701,-1.000000
-0.628250,1.849752,20.000000,-0.471080,-0.949185,-0.733329,4.251706,2.176164,-1.000000
1.988180,3.503354,20.000000,-0.002879,0.010847,-0.029256,1.830264,2.775292,1.000000
1.809847,3.628325,20.000000,2.035607,-0.786693,-2.392152,5.914400,2.402029,-1.000000
2.233028,-3.414620,20.000000,1.957337,-1.996324,-3.422722,5.487926,2.456671,1.000000
-3.095958,1.861271,20.000000,-1.977715,3.231167,-6.875855,2.120047,2.638006,-1.000000
-4.481814,-3.892562,20.000000,0.722233,-0.212439,-2.485210,5.997111,2.847456,1.000000
4.621178,-4.698299,20.000000,-0.091314,-0.026538,-0.244025,3.424422,2.770014,1.000000
-1.773132,4.191972,20.000000,-0.075307,0.008814,-0.150522,3.025077,2.674974,1.000000
2.902896,-3.052256,20.000000,8.048840,6.118286,-12.677887,0.649962,2.468395,1.000000
3.960905,2.697960,20.000000,0.320051,-0.284526,-0.737598,5.556479,2.615572,1.000000
2.318782,-4.542988,20.000000,-0.231590,-2.947221,-13.812360,4.633971,2.930741,-1.000000
-1.402676,0.226247,20.000000,-0.256713,-0.059270,-0.373245,3.368495,2.526931,1.000000
4.131506,0.931175,20.000000,0.126912,0.074452,-0.329820,0.530540,2.721973,1.000000
2.884067,3.609607,20.000000,-4.230745,0.110592,-3.720818,3.115459,2.291984,-1.000000
3.566718,-1.929661,20.000000,-0.551101,0.489023,-4.510838,2.415807,2.979685,-1.000000
-4.212964,-1.428341,20.000000,1.381371,0.606888,-1.853353,0.413952,2.458315,1.000000
4.264929,1.607153,20.000000,-0.320913,-0.066960,-1.188468,3.347296,2.872448,1.000000
3.584357,-3.319435,20.000000,-0.077188,0.030055,-0.175091,2.770282,2.699708,-1.000000
0.216654,0.880906,20.000000,-1.662150,2.346049,-5.987422,2.187197,2.693907,1.000000
-2.270740,1.971152,20.000000,8.404393,5.688645,-19.727697,0.595030,2.666464,1.000000
3.315210,4.265345,20.000000,-0.004177,-0.019067,-0.057350,4.496742,2.813543,-1.000000
2.755146,-4.856054,20.000000,-0.736147,0.766450,-1.817736,2.336030,2.612547,1.000000
-3.219253,-3.766968,20.000000,2.454084,-4.972139,-6.438579,5.170877,2.430642,1.000000
2.190449,-2.791373,20.000000,-1.047360,-1.333790,-3.834233,4.046706,2.725164,1.000000
-1.085508,-0.229632,20.000000,-0.052022,0.019206,-0.188584,2.787929,2.855600,-1.000000
-4.777533,2.090170,20.000000,0.376901,1.583619,-4.784930,1.337143,2.813671,1.000000
-1.263573,-4.053819,20.000000,2.408162,0.496384,-4.186561,0.203279,2.610560,1.000000
3.527485,-2.437280,20.000000,-4.085931,-2.580410,-23.394628,3.704878,2.937892,-1.000000
1.579276,2.985342,20.000000,4.006866,-0.150857,-5.395596,6.245553,2.502494,-1.000000
0.824511,0.399654,20.000000,0.228359,-0.382296,-0.505352,5.250847,2.419273,-1.000000
4.100396,4.686772,20.000000,0.046254,0.088901,-0.297540,1.091053,2.816719,1.000000
1.152224,2.546771,20.000000,-0.098952,0.195926,-0.891999,2.038473,2.900315,1.000000
2.318712,0.778232,20.000000,-0.156972,0.043528,-0.118354,2.871093,2.199130,1.000000
-3.127879,0.559426,20.000000,0.187980,0.037339,-1.727181,0.196080,3.031082,-1.000000
-1.914592,-1.633277,20.000000,-0.257071,-0.226938,-0.464648,3.864813,2.505818,-1.000000
-2.381584,3.540045,20.000000,0.960028,-1.391070,-8.394222,5.316464,2.942898,1.000000
4.465579,-4.515727,20.000000,-1.495291,-3.000039,-3.063154,4.250003,2.311194,1.000000
-3.018022,-1.984387,20.000000,-0.535621,0.291981,-1.854836,2.642500,2.823847,1.000000
-4.199078,2.638072,20.000000,0.290950,0.436907,-0.957704,0.983302,2.640208,1.000000
-0.965107,4.129888,20.000000,0.452160,-2.581503,-5.073883,4.885784,2.664810,1.000000
-1.418289,-0.716689,20.000000,0.015738,-0.026181,-0.241978,5.253641,3.016015,1.000000
-3.859147,0.464230,20.000000,-1.039442,-0.395469,-1.762671,3.505144,2.578737,1.000000
4.813681,-1.181918,20.000000,-2.203198,0.958535,-1.549321,2.731228,2.143529,1.000000
0.297066,-2.219855,20.000000,-0.052403,-0.002928,-0.203348,3.197407,2.889003,1.000000
2.308059,-0.747694,20.000000,0.058222,-0.002289,-0.169427,6.243893,2.810357,1.000000
-3.243517,4.931957,20.000000,-0.112826,0.420139,-0.819024,1.833151,2.653337,1.000000
3.431850,-0.436502,20.000000,-8.147924,-8.072920,-20.792512,3.922367,2.637491,-1.000000
-4.663547,-0.524062,20.000000,1.173105,1.088600,-3.064048,0.748052,2.660257,-1.000000
-1.243167,-3.601036,20.000000,0.747499,0.513174,-3.048297,0.601623,2.852482,1.000000
-1.538972,2.706561,20.000000,-0.014549,-0.006188,-0.111954,3.543745,3.001296,1.000000
1.572974,-4.188373,20.000000,-2.083337,1.310048,-1.171165,2.580250,2.014971,-1.000000
3.855677,-4.794793,20.000000,2.275832,1.892523,-2.158552,0.693699,2.200893,1.000000
-0.909651,0.983569,20.000000,2.655250,-8.829859,-9.279907,5.004499,2.359408,1.000000
-4.923974,-0.883966,20.000000,0.322804,0.980740,-1.032068,1.252822,2.355986,1.000000
0.663562,-2.030136,20.000000,0.037728,1.323796,-0.936534,1.542304,2.186321,1.000000
-4.805042,2.783411,20.000000,-0.108214,0.154599,-1.112790,2.181500,2.973608,1.000000
0.921192,1.775592,20.000000,0.268924,0.783798,-1.146131,1.240278,2.515598,-1.000000
-3.517215,-3.000910,20.000000,-0.630494,18.600634,-14.436455,1.604680,2.230532,1.000000
2.180116,4.594525,20.000000,0.066397,-0.662345,-1.400105,4.812300,2.697786,1.000000
0.308178,-1.323919,20.000000,-0.043148,0.207685,-0.268837,1.775641,2.473578,1.000000
3.579043,2.892246,20.000000,-2.874982,-1.085998,-5.137407,3.502764,2.602489,-1.000000
-2.804770,-2.898555,20.000000,-0.670867,-0.001765,-2.537758,3.144224,2.883150,1.000000
4.342430,4.005745,20.000000,0.027906,-0.061355,-0.059773,5.139259,2.296267,1.000000
-1.413442,-0.295862,20.000000,-1.243964,-1.037923,-2.931612,3.836941,2.636731,1.000000
-2.983728,0.149920,20.000000,-1.666583,1.848573,-2.572980,2.304468,2.372800,1.000000
-4.289214,-0.866326,20.000000,0.136312,-0.374180,-1.433719,5.061742,2.870659,-1.000000
2.374563,3.676366,20.000000,0.448937,0.175387,-0.320359,0.372439,2.157417,-1.000000
-1.601692,-2.259176,20.000000,-0.006224,-0.011335,-0.066903,4.210221,2.950656,1.000000
-3.533261,1.864576,20.000000,-5.275934,3.456798,-6.721231,2.561570,2.387937,1.000000
-0.072152,-3.127691,20.000000,-0.548322,0.431185,-0.637032,2.475216,2.310879,-1.000000
2.216559,-4.014489,20.000000,-19.709782,-0.766732,-28.658646,3.180474,2.538787,1.000000
-4.596547,0.537184,20.000000,-0.877574,-0.675340,-1.257048,3.797491,2.419424,-1.000000
3.734520,1.983740,20.000000,-0.231793,0.151538,-0.289339,2.562576,2.378101,-1.000000
3.781367,2.490743,20.000000,0.088187,0.069087,-0.260552,0.664545,2.735529,-1.000000
4.866192,-3.226263,20.000000,1.315509,-1.995349,-3.778504,5.295266,2.577605,-1.000000
1.883613,2.953459,20.000000,1.200370,0.182404,-5.384480,0.150803,2.919811,1.000000
3.652043,2.644595,20.000000,-0.144559,0.490958,-1.432178,1.857146,2.798380,1.000000
-2.594442,1.073381,20.000000,0.774582,0.892845,-1.781590,0.856205,2.555815,1.000000
-2.476150,3.330612,20.000000,-0.635087,-0.134652,-1.272935,3.350520,2.669973,1.000000
4.145191,-1.812482,20.000000,0.058438,0.052509,-0.248511,0.732005,2.835398,-1.000000
4.986323,-4.250287,20.000000,-0.955608,-0.420871,-2.120632,3.556453,2.684049,1.000000
-3.543764,-1.955371,20.000000,-0.129591,0.050573,-0.724833,2.769520,2.951979,-1.000000
-4.667118,-0.787923,20.000000,-1.347357,0.187397,-1.028521,3.003394,2.218180,1.000000
4.214233,-2.154249,20.000000,-0.267613,0.342323,-0.522631,2.234313,2.447999,1.000000
0.528498,2.816983,20.000000,-1.002894,-0.725830,-0.899004,3.768072,2.198877,1.000000
1.047430,0.147265,20.000000,-0.390558,-0.474313,-1.828070,4.023532,2.817353,1.000000
0.239430,-3.859198,20.000000,1.274711,0.104469,-0.955917,0.081772,2.212633,1.000000
-0.402306,-3.547503,20.000000,4.206891,1.407642,-1.494863,0.322894,1.895819,1.000000
-2.956909,2.402830,20.000000,1.130150,-0.737354,-0.891016,5.705098,2.154376,1.000000
1.898431,0.981200,20.000000,-0.095274,-0.026656,-0.099792,3.414396,2.360516,-1.000000
4.506862,-0.553877,20.000000,-0.026522,0.148037,-0.302578,1.748070,2.680312,1.000000
-2.829142,4.093933,20.000000,2.999444,-1.357765,-6.855023,5.858111,2.693832,-1.000000
2.502442,-4.548656,20.000000,0.081797,-0.597902,-1.162009,4.848351,2.662598,-1.000000
3.007171,3.901561,20.000000,0.118848,-1.603333,-1.903141,4.786379,2.440138,-1.000000
-2.315111,0.871031,20.000000,-2.259998,-0.042079,-6.135519,3.160209,2.788612,1.000000
-3.369719,-4.373356,20.000000,-0.223594,0.247547,-0.800327,2.305398,2.746687,1.000000
-0.596366,3.180158,20.000000,2.265308,0.991145,-3.439923,0.412437,2.518354,1.000000
-1.839435,-2.984083,20.000000,0.078010,-0.369850,-1.664702,4.920266,2.918318,-1.000000
-3.873739,-1.108426,20.000000,9.570310,0.342296,-6.175394,0.035751,2.143545,1.000000
4.550970,-1.483231,20.000000,0.069539,0.110894,-0.270264,1.010708,2.690568,-1.000000
-3.424307,0.470229,20.000000,-0.215904,-0.593977,-1.418077,4.363748,2.722342,1.000000
-4.295994,-2.442478,20.000000,-0.034902,-0.049409,-0.362577,4.097385,2.976273,-1.000000
2.518662,-3.826553,20.000000,5.020214,1.375856,-9.609518,0.267495,2.645155,-1.000000
-1.804030,-0.149349,20.000000,0.107458,0.396583,-0.775566,1.306191,2.654402,1.000000
-2.589558,3.010652,20.000000,0.317718,0.303285,-2.260283,0.762160,2.949658,1.000000
-0.805009,1.613371,20.000000,1.122863,-0.725626,-1.940994,5.709466,2.538436,-1.000000
3.091415,-2.650857,20.000000,0.103211,-0.007233,-0.145140,6.213221,2.522289,-1.000000
0.835556,-4.099564,20.000000,-0.647960,0.230678,-0.711658,2.799577,2.373243,1.000000
3.095997,-1.874093,20.000000,-0.278698,0.957885,-2.042070,1.853931,2.687166,-1.000000
-4.663199,1.918101,20.000000,1.416026,-1.687516,-3.126956,5.410532,2.527858,1.000000
-3.834689,-4.801183,20.000000,-1.169360,-0.270025,-5.772338,3.368531,2.936602,-1.000000
-0.944667,-2.726020,20.000000,-0.404082,0.749887,-1.543109,2.065045,2.637199,-1.000000
3.845571,0.262628,20.000000,-0.293195,0.143534,-2.059409,2.686337,2.984388,1.000000
1.439170,-4.583028,20.000000,1.748956,1.340097,-1.758918,0.653806,2.244497,1.000000
-2.259143,2.795398,20.000000,4.741681,-5.176864,-2.535617,5.453940,1.917403,-1.000000
-4.714691,4.825168,20.000000,-0.115267,-0.042354,-0.206774,3.493725,2.605676,-1.000000
3.109502,3.871279,20.000000,-0.013795,0.214591,-0.192482,1.634991,2.300909,-1.000000
-3.412252,-4.398739,20.000000,1.244707,1.378588,-2.870541,0.836389,2.567299,1.000000
3.002852,-1.024603,20.000000,1.736606,-2.363429,-1.977853,5.346079,2.164120,1.000000
2.164194,0.613625,20.000000,0.632246,-0.992028,-2.141623,5.279803,2.639294,1.000000
0.324763,-1.371411,20.000000,-0.585620,-0.285430,-7.492282,3.595108,3.054858,-1.000000
-4.790705,0.096558,20.000000,-5.233024,2.596044,-3.297372,2.681079,2.084678,-1.000000
-0.530582,4.090976,20.000000,0.565980,1.401511,-3.510990,1.186988,2.735073,1.000000
0.883042,1.417058,20.000000,-4.332996,1.229496,-6.085845,2.865108,2.504466,1.000000
0.093931,-2.359865,20.000000,-0.470254,-4.233886,-5.343057,4.601773,2.468511,1.000000
4.364481,4.756663,20.000000,1.314000,0.083648,-2.328610,0.063573,2.626982,-1.000000
-2.962124,-3.844869,20.000000,0.059226,-0.936162,-2.009018,4.775569,2.704764,-1.000000
-0.101981,-4.193489,20.000000,0.060816,-0.141439,-0.057293,5.118468,1.927049,1.000000
3.702009,4.341812,20.000000,-11.950018,-7.174571,-15.277906,3.682293,2.402012,-1.000000
0.100708,-4.248362,20.000000,0.853682,-0.609367,-3.500099,5.663251,2.850443,1.000000
-1.675911,-1.090921,20.000000,-1.159720,2.521650,-6.151800,2.001857,2.717761,1.000000
-3.124783,-1.309798,20.000000,2.605788,1.750899,-2.035534,0.591635,2.146035,1.000000
-4.466778,-1.942160,20.000000,51.590919,41.020483,-1.390650,0.671752,1.591892,1.000000
0.647089,-4.829448,20.000000,0.250804,1.155286,-2.113570,1.357021,2.631610,-1.000000
3.288920,1.096154,20.000000,-0.055195,0.055446,-0.298723,2.353923,2.885446,1.000000
1.967604,-4.387277,20.000000,0.483858,-0.430853,-1.276128,5.555669,2.671808,-1.000000
1.420842,0.710257,20.000000,2.191898,-2.265222,-4.474097,5.481338,2.527840,1.000000
-1.855544,1.849252,20.000000,-0.274852,0.134929,-0.727231,2.685241,2.743090,1.000000
0.042448,-0.354690,20.000000,-1.759699,-0.011330,-3.445740,3.148031,2.669423,1.000000
-0.376949,-2.536615,20.000000,-1.106256,-0.791461,-2.582168,3.762607,2.656754,1.000000
1.266205,1.909930,20.000000,-0.324204,0.046649,-0.609501,2.998685,2.648478,1.000000
-4.360084,-0.179606,20.000000,-0.269935,-0.037101,-2.077147,3.278179,3.011161,1.000000
-2.777910,-0.220274,20.000000,1.463164,1.319117,-4.964245,0.733671,2.763814,-1.000000
2.080217,-2.864210,20.000000,0.053421,-0.719131,-0.579037,4.786538,2.247350,1.000000
-0.419453,-3.245324,20.000000,-0.060161,-0.035266,-0.487495,3.671800,2.999509,-1.000000
4.984786,-1.257003,20.000000,1.016246,1.476030,-1.342776,0.967831,2.213848,1.000000
4.802969,-3.698198,20.000000,2.233671,-3.375289,-3.648700,5.296995,2.304429,1.000000
1.922667,-2.576738,20.000000,-0.931838,0.382917,-2.762898,2.751703,2.791941,1.000000
-1.807295,-0.917424,20.000000,0.040349,-0.011016,-0.236081,6.016664,2.966243,1.000000
0.158605,-0.749987,20.000000,3.334355,1.823528,-7.626344,0.500453,2.679284,-1.000000
4.476573,1.467996,20.000000,0.861389,0.682889,-5.460886,0.670321,2.942954,1.000000
1.360719,2.494500,20.000000,0.845845,2.309298,-4.831357,1.219694,2.670743,-1.000000
1.120828,2.119989,20.000000,-0.634138,-0.271068,-1.265278,3.545544,2.642555,1.000000
-3.814817,-0.025245,20.000000,1.461009,1.437290,-1.657365,0.777215,2.250806,-1.000000
3.979832,-0.197026,20.000000,0.111910,0.086683,-0.250649,0.659045,2.627494,1.000000
-2.139057,3.146743,20.000000,-0.479312,-0.416102,-0.406148,3.856514,2.140022,1.000000
4.744797,-1.971821,20.000000,-0.467204,-0.029283,-0.671928,3.204188,2.533096,-1.000000
-1.947486,2.538400,20.000000,-0.645164,1.682029,-3.335838,1.937053,2.646422,1.000000
-1.158656,-0.164942,20.000000,0.204336,0.567292,-0.588916,1.225068,2.344403,1.000000
4.040689,-4.801260,20.000000,-2.809728,0.035227,-1.610061,3.129056,2.091116,1.000000
3.887066,0.509073,20.000000,1.489796,-0.083942,-0.983480,6.226900,2.153542,-1.000000
3.174508,1.452810,20.000000,0.100079,-0.240541,-1.029231,5.106663,2.893670,1.000000
2.195231,-0.508176,20.000000,-0.338008,-2.018461,-1.909329,4.546470,2.321517,1.000000
4.412310,4.357782,20.000000,0.372213,0.604007,-0.744883,1.018522,2.380530,-1.000000
1.456354,1.144867,20.000000,-3.923938,1.857989,-20.060153,2.699368,2.928451,-1.000000
1.886173,-3.381596,20.000000,-2.073836,-0.776492,-2.315053,3.499857,2.378404,1.000000
-3.300875,0.865602,20.000000,10.060110,-0.591873,-21.327562,6.224419,2.700177,-1.000000
-3.128730,-0.286171,20.000000,-131.840810,-47.111735,-42.663610,3.484790,1.866585,1.000000
-2.809107,3.325087,20.000000,0.597508,3.871897,-11.079207,1.417685,2.801705,1.000000
0.835401,4.281047,20.000000,-1.892320,-1.205377,-1.887411,3.708763,2.270181,-1.000000
-0.365981,3.409565,20.000000,-0.191065,0.331620,-0.433574,2.093498,2.418408,-1.000000
3.935469,4.005381,20.000000,0.701545,-1.562913,-1.614472,5.134303,2.326551,1.000000
2.917164,1.373389,20.000000,0.143482,-0.436200,-3.327956,5.030178,3.004478,1.000000
2.445903,2.984890,20.000000,-0.244445,-0.260368,-1.169029,3.958524,2.845101,-1.000000
-2.225630,-1.620940,20.000000,-0.181269,1.086823,-1.830263,1.736063,2.599697,1.000000
3.595930,0.547481,20.000000,-0.073548,-0.082388,-0.169796,3.983622,2.564918,-1.000000
-3.975041,4.099523,20.000000,0.090164,-0.047108,-0.088441,5.801720,2.286436,1.000000
-4.593650,-2.897820,20.000000,-4.422872,-0.705248,-7.001337,3.299716,2.572493,-1.000000
3.725516,-2.932924,20.000000,-1.059119,0.049667,-1.180452,3.094732,2.409773,1.000000
-4.796144,4.002329,20.000000,-0.151163,-0.116419,-0.320585,3.797869,2.604744,-1.000000
0.108085,-3.443801,20.000000,-0.232993,-0.306054,-0.830422,4.061706,2.707818,-1.000000
1.586621,0.700544,20.000000,3.148067,0.713283,-3.994079,0.222816,2.461895,1.000000
0.462685,3.581810,20.000000,1.503874,2.959785,-5.938167,1.100688,2.631802,1.000000
2.503739,-0.610893,20.000000,-0.346582,0.832443,-0.996428,1.965312,2.406054,1.000000
-3.896541,-2.070301,20.000000,0.931675,-1.243193,-2.171046,5.355519,2.520486,-1.000000
2.020245,3.290391,20.000000,0.503140,-0.487726,-0.743779,5.513342,2.385985,1.000000
2.823307,-2.753947,20.000000,6.421605,3.558548,-6.623030,0.506026,2.304778,1.000000
3.250923,-3.147943,20.000000,0.840863,-0.662524,-1.840950,5.615860,2.614889,1.000000
-2.088397,-2.057599,20.000000,-0.147376,0.569930,-1.092728,1.823840,2.647450,-1.000000
2.500106,-2.584416,20.000000,-1.146217,0.501054,-1.834268,2.729487,2.543059,-1.000000
2.448122,4.698039,20.000000,1.547920,-3.315307,-5.160685,5.149209,2.524859,1.000000
0.139915,2.325133,20.000000,-0.280386,0.924198,-2.953727,1.865354,2.825576,1.000000
1.599997,2.530229,20.000000,-0.420077,-0.465139,-0.513068,3.977852,2.256784,1.000000
1.174895,0.062888,20.000000,132.788740,-73.316703,-126.054156,5.778708,2.264173,1.000000
-1.339487,-2.211278,20.000000,0.140955,0.001305,-0.311281,0.009261,2.716377,-1.000000
1.758358,3.401056,20.000000,-0.165527,0.198174,-0.733907,2.266671,2.803290,-1.000000
-4.509974,-4.785366,20.000000,-0.029537,0.001676,-0.035898,3.084903,2.452314,-1.000000
-0.197571,2.703542,20.000000,0.397733,2.108432,-13.674120,1.384348,2.985951,-1.000000
3.965574,-2.772342,20.000000,-0.790869,1.586691,-3.290355,2.033195,2.647383,1.000000
-3.018429,1.812135,20.000000,11.490902,-11.621282,-9.730368,5.492146,2.107814,-1.000000
-3.409511,-1.961884,20.000000,2.765118,1.535932,-6.852511,0.507031,2.709141,-1.000000
-4.317839,-0.911126,20.000000,-0.481856,2.506028,-4.818230,1.760757,2.654514,-1.000000
2.636051,4.502076,20.000000,0.039295,1.148078,-4.896623,1.536583,2.911159,-1.000000
2.907190,-3.668304,20.000000,4.438760,2.898980,-3.984862,0.578555,2.215345,1.000000
-3.113834,4.738276,20.000000,0.063963,0.268624,-0.291021,1.337034,2.382437,-1.000000
-3.900615,-4.005885,20.000000,0.158340,0.125511,-0.745483,0.670254,2.876918,1.000000
0.351174,1.310124,20.000000,-1.867929,-5.371018,-9.202696,4.377694,2.588098,-1.000000
0.355596,-3.037644,20.000000,-3.596214,-3.290078,-10.199006,3.882564,2.695777,-1.000000
0.219317,-2.606620,20.000000,0.505011,-0.063321,-0.834984,6.158450,2.594180,1.000000
2.630184,1.050183,20.000000,-0.027323,0.015823,-0.108272,2.616665,2.857843,-1.000000
0.331326,-2.308640,20.000000,-0.092116,0.028811,-0.468003,2.838464,2.938214,-1.000000
-2.058634,-2.112122,20.000000,0.100658,0.131781,-0.594416,0.918506,2.869537,1.000000
3.463515,4.988953,20.000000,1.806204,-1.075261,-3.123949,5.746217,2.549302,-1.000000
-2.574662,1.100017,20.000000,2.516077,2.380231,-5.689222,0.757661,2.594735,1.000000
-0.705761,-3.681089,20.000000,0.594494,0.862823,-1.508146,0.967484,2.534392,1.000000
3.115840,0.130364,20.000000,2.566647,-5.099418,-7.372521,5.178690,2.482688,1.000000
1.857581,-3.623798,20.000000,-0.513354,-0.299002,-1.060922,3.669006,2.631128,1.000000
1.356240,-0.069609,20.000000,0.662239,-0.048162,-0.772165,6.210587,2.431377,1.000000
-4.278271,-0.519561,20.000000,0.553292,-0.086011,-2.547695,6.128967,2.925250,-1.000000
4.163759,2.814560,20.000000,1.190032,2.900877,-7.093054,1.181501,2.725370,-1.000000
3.279169,4.262967,20.000000,-7.202999,-1.621508,-3.744853,3.363017,2.040194,-1.000000
0.947302,-1.206275,20.000000,0.851028,1.220372,-2.739280,0.961850,2.644034,1.000000
1.074309,-0.827669,20.000000,-0.021054,-0.660300,-0.882647,4.680515,2.499071,1.000000
1.010979,-0.508948,20.000000,-0.408854,-0.195809,-1.674103,3.588236,2.877148,1.000000
4.240326,3.866364,20.000000,0.082291,-0.171204,-0.942542,5.160448,2.942722,-1.000000
0.786361,3.130487,20.000000,-0.410390,0.847909,-3.449868,2.021564,2.875036,-1.000000
0.183875,4.575855,20.000000,0.036089,-0.136521,-0.427037,4.970826,2.822237,-1.000000
1.103120,0.201644,20.000000,13.943435,-13.297535,-12.806331,5.521493,2.157404,1.000000
-3.093716,4.178081,20.000000,1.293743,-0.366181,-1.529492,6.007360,2.420449,1.000000
-2.781675,4.635848,20.000000,-4.949513,-0.837841,-9.184731,3.309281,2.641401,-1.000000
1.321942,4.880465,20.000000,0.405787,-0.083722,-0.726720,6.079721,2.623417,1.000000
1.259948,2.183343,20.000000,0.258973,-0.122056,-1.520125,5.842755,2.955437,1.000000
-3.376935,-0.892515,20.000000,-1.689247,0.113803,-2.460219,3.074325,2.538843,-1.000000
3.855381,-0.224672,20.000000,-0.034545,-0.271953,-1.128905,4.586042,2.903368,-1.000000
0.228962,2.633058,20.000000,0.325170,-0.511272,-1.432246,5.278862,2.741372,1.000000
2.734750,0.037666,20.000000,-2.220794,-3.539445,-6.153555,4.152036,2.545077,-1.000000
2.392950,3.491633,20.000000,-0.222224,0.612022,-0.992249,1.919091,2.560868,1.000000
2.839566,4.362757,20.000000,-0.823104,-0.733991,-1.719666,3.869823,2.571353,1.000000
-2.837204,-1.895956,20.000000,-0.125235,0.033071,-1.812634,2.883416,3.070255,1.000000
-4.980477,-1.144868,20.000000,2.789152,-1.663023,-7.628404,5.745530,2.739141,1.000000
-2.237033,0.002507,20.000000,3.358054,-3.742799,-7.292205,5.443657,2.537907,-1.000000
2.674707,-0.370333,20.000000,4.863779,0.582326,-7.915543,0.119160,2.587430,1.000000
4.635238,4.158755,20.000000,-0.118099,-0.242577,-0.500807,4.259314,2.647445,1.000000
-0.374704,0.617092,20.000000,0.605823,0.391092,-0.833908,0.573244,2.428618,1.000000
1.354294,-3.545770,20.000000,0.854880,0.508775,-3.529016,0.536840,2.866825,1.000000
4.534387,3.533488,20.000000,1.276473,0.244146,-2.570279,0.188984,2.673451,-1.000000
-4.163484,-4.274946,20.000000,-1.379076,3.625077,-2.421388,1.934316,2.128895,-1.000000
-3.787379,0.083862,20.000000,-0.332394,0.033802,-1.079822,3.040248,2.841525,1.000000
-3.854654,-1.662358,20.000000,1.568217,-4.337948,-6.719031,5.059282,2.539975,-1.000000
2.778680,-3.530470,20.000000,0.022835,0.005831,-0.189012,0.250013,3.017544,-1.000000
-4.882583,-4.718885,20.000000,0.296414,0.159980,-1.116918,0.494914,2.848695,-1.000000
-4.843469,-2.628568,20.000000,1.235083,0.059232,-2.221717,0.047922,2.633733,1.000000
2.047129,3.742874,20.000000,-0.789656,1.240262,-3.115226,2.137754,2.700616,1.000000
4.180153,-3.449306,20.000000,-0.009848,-0.150368,-1.180214,4.646986,3.014600,1.000000
-3.953358,4.968545,20.000000,4.583483,-6.254995,-3.005489,5.344773,1.940547,1.000000
-3.774940,4.268387,20.000000,-0.535182,-1.343569,-0.862257,4.333324,2.108423,1.000000
0.009445,-4.702005,20.000000,0.377585,-0.455431,-2.161867,5.404607,2.874481,1.000000
-4.030448,3.196458,20.000000,15.791854,-8.939723,-22.672594,5.768068,2.466621,1.000000
-4.617495,-4.854509,20.000000,-1.280160,1.157247,-3.416317,2.406580,2.673846,-1.000000
-4.835277,-2.302597,20.000000,-1.620440,3.051763,-10.110578,2.058924,2.812286,-1.000000
4.895634,1.083964,20.000000,0.748793,1.050836,-1.529031,0.951684,2.440659,1.000000
3.525692,0.746589,20.000000,1.501831,1.323113,-4.214837,0.722218,2.698244,1.000000
3.877503,2.325341,20.000000,-1.039980,1.623242,-2.806274,2.140592,2.539668,1.000000
1.628179,2.555684,20.000000,1.600660,0.021273,-1.705978,0.013290,2.387990,-1.000000
3.676780,-2.295663,20.000000,-2.736462,-0.578479,-4.663482,3.349922,2.601355,1.000000
0.186738,3.023202,20.000000,-1.533917,-0.040205,-2.239101,3.167797,2.540804,-1.000000
3.469969,2.676320,20.000000,-0.029543,-0.094450,-0.628161,4.409237,2.985334,1.000000
-2.050679,-3.407244,20.000000,0.037068,0.219384,-0.487805,1.403413,2.713669,-1.000000
3.555668,-1.483204,20.000000,1.548166,3.385917,-3.390074,1.141940,2.309414,-1.000000
1.216860,1.060362,20.000000,-0.421408,0.258485,-1.021383,2.591390,2.690812,-1.000000
-3.617743,1.657553,20.000000,-0.037056,0.343213,-1.715298,1.678348,2.942993,1.000000
2.880221,1.993541,20.000000,0.581702,-0.274467,-2.811307,5.842323,2.916673,-1.000000
-2.843399,2.944118,20.000000,0.808786,-0.215037,-0.832277,6.023321,2.353434,1.000000
1.138798,-2.141122,20.000000,0.816661,4.328827,-5.643678,1.384332,2.478823,1.000000
-0.925250,-1.414590,20.000000,0.694366,0.634097,-2.192484,0.740062,2.736433,-1.000000
4.912495,-1.807583,20.000000,0.746257,1.378145,-1.677558,1.074507,2.390185,1.000000
4.802159,-1.566103,20.000000,-0.335420,-0.083903,-0.768956,3.386706,2.719036,-1.000000
-2.103308,1.247784,20.000000,0.028250,-0.019538,-2.374234,5.678099,3.127127,-1.000000
-0.717721,1.973539,20.000000,0.408525,-1.874354,-3.090736,4.926988,2.586106,1.000000
1.093736,3.582351,20.000000,0.472225,-0.205664,-1.333482,5.872437,2.772989,1.000000
-1.131737,2.639475,20.000000,1.745552,-0.684618,-3.376028,5.909415,2.634622,-1.000000
-4.578532,-1.263179,20.000000,0.618381,-2.278727,-6.926574,4.977378,2.813064,1.000000
0.165933,-1.495987,20.000000,-0.187388,0.158802,-1.332359,2.438582,2.959285,1.000000
-0.922893,0.847927,20.000000,0.020580,0.039877,-0.113804,1.094358,2.766001,1.000000
-0.352175,-2.771278,20.000000,11.782855,-5.071331,-6.498306,5.876750,2.039692,-1.000000
-2.618317,0.508295,20.000000,-1.344350,-0.891072,-1.485827,3.726933,2.315224,1.000000
-4.814337,0.413562,20.000000,4.150578,-0.452920,-3.573601,6.174493,2.278710,-1.000000
-3.219447,2.866290,20.000000,-0.084533,-0.212707,-0.528610,4.334111,2.732964,1.000000
4.191180,-3.394893,20.000000,0.153144,-0.048689,-0.359147,5.975363,2.720868,-1.000000
-2.102762,-3.777314,20.000000,-0.904174,3.713763,-10.584010,1.809616,2.795034,1.000000
3.026065,1.241701,20.000000,2.250873,0.824723,-15.986820,0.351211,2.992753,1.000000
-4.268776,-1.185014,20.000000,0.088643,-0.200176,-1.038136,5.129261,2.933755,-1.000000
1.341738,-2.931379,20.000000,-0.060456,-0.430997,-0.624420,4.573028,2.532887,1.000000
-2.421110,3.336558,20.000000,3.720296,-1.074644,-5.089939,6.001980,2.491219,-1.000000
3.345218,-1.190800,20.000000,-0.482223,0.193664,-0.770048,2.759702,2.547954,1.000000
4.731950,-3.013870,20.000000,0.088210,-0.390265,-0.578946,4.934679,2.536865,-1.000000
2.342137,2.819835,20.000000,-0.227688,0.071140,-0.497657,2.838758,2.694616,1.000000
2.428096,4.204337,20.000000,0.324695,0.288405,-0.707586,0.726276,2.591118,-1.000000
3.698488,2.322295,20.000000,-0.354568,0.587974,-2.228438,2.113443,2.842710,1.000000
1.876340,3.958613,20.000000,-2.284377,-0.315988,-3.626286,3.279046,2.575160,1.000000
4.002821,4.155815,20.000000,0.227572,0.234495,-1.103644,0.800379,2.853736,-1.000000
